Invoice ID,Branch,City,Customer type,Gender,Product line,Unit price,Quantity,Tax 5%,Total,Date,Time,Payment,cogs,gross margin percentage,gross income,Rating
631-41-3108,A,Yangon,Normal,Male,Home and lifestyle,46.33,7,16.2155,340.5255,03/03/2019,13:23,Credit card,324.31,4.761904762,16.2155,7.4
123-19-1176,A,Yangon,Member,Male,Health and beauty,58.22,8,23.288,489.048,27/01/2019,20:33,Ewallet,465.76,4.761904762,23.288,8.4
699-14-3026,C,Naypyitaw,Normal,Male,Electronic accessories,85.39,7,29.8865,627.6165,25/03/2019,18:30,Ewallet,597.73,4.761904762,29.8865,4.1
355-53-5943,A,Yangon,Member,Female,Electronic accessories,68.84,6,20.652,433.692,25/02/2019,14:36,Ewallet,413.04,4.761904762,20.652,5.8
315-22-5665,C,Naypyitaw,Normal,Female,Home and lifestyle,73.56,10,36.78,772.38,24/02/2019,11:38,Ewallet,735.6,4.761904762,36.78,8
692-92-5582,B,Mandalay,Member,Female,Food and beverages,54.84,3,8.226,172.746,20/02/2019,13:27,Credit card,164.52,4.761904762,8.226,5.9
829-34-3910,A,Yangon,Normal,Female,Health and beauty,71.38,10,35.69,749.49,29/03/2019,19:21,Cash,713.8,4.761904762,35.69,5.7
299-46-1805,B,Mandalay,Member,Female,Sports and travel,93.72,6,28.116,590.436,15/01/2019,16:19,Cash,562.32,4.761904762,28.116,4.5
765-26-6951,A,Yangon,Normal,Male,Sports and travel,72.61,6,21.783,457.443,01/01/2019,10:39,Credit card,435.66,4.761904762,21.783,6.9
329-62-1586,A,Yangon,Normal,Male,Food and beverages,54.67,3,8.2005,172.2105,21/01/2019,18:00,Credit card,164.01,4.761904762,8.2005,8.6
300-71-4605,C,Naypyitaw,Member,Male,Electronic accessories,86.04,5,21.51,451.71,25/02/2019,11:24,Ewallet,430.2,4.761904762,21.51,4.8
273-16-6619,B,Mandalay,Normal,Male,Home and lifestyle,33.2,2,3.32,69.72,15/03/2019,12:20,Credit card,66.4,4.761904762,3.32,4.4
636-48-8204,A,Yangon,Normal,Male,Electronic accessories,34.56,5,8.64,181.44,17/02/2019,11:15,Ewallet,172.8,4.761904762,8.64,9.9
549-59-1358,A,Yangon,Member,Male,Sports and travel,88.63,3,13.2945,279.1845,03/02/2019,17:36,Ewallet,265.89,4.761904762,13.2945,6
227-03-5010,A,Yangon,Member,Female,Home and lifestyle,52.59,8,21.036,441.756,22/03/2019,19:20,Credit card,420.72,4.761904762,21.036,8.5
145-94-9061,B,Mandalay,Normal,Female,Food and beverages,88.36,5,22.09,463.89,25/01/2019,19:48,Cash,441.8,4.761904762,22.09,9.6
848-62-7243,A,Yangon,Normal,Male,Health and beauty,24.89,9,11.2005,235.2105,15/03/2019,15:36,Cash,224.01,4.761904762,11.2005,7.4
871-79-8483,B,Mandalay,Normal,Male,Fashion accessories,94.13,5,23.5325,494.1825,25/02/2019,19:39,Credit card,470.65,4.761904762,23.5325,4.8
149-71-6266,B,Mandalay,Member,Male,Sports and travel,78.07,9,35.1315,737.7615,28/01/2019,12:43,Cash,702.63,4.761904762,35.1315,4.5
595-11-5460,A,Yangon,Normal,Male,Health and beauty,96.58,2,9.658,202.818,15/03/2019,10:12,Credit card,193.16,4.761904762,9.658,5.1
272-65-1806,A,Yangon,Normal,Female,Electronic accessories,60.88,9,27.396,575.316,15/01/2019,17:17,Ewallet,547.92,4.761904762,27.396,4.7
333-73-7901,C,Naypyitaw,Normal,Female,Health and beauty,54.92,8,21.968,461.328,23/03/2019,13:24,Ewallet,439.36,4.761904762,21.968,7.6
777-82-7220,B,Mandalay,Member,Male,Home and lifestyle,30.12,8,12.048,253.008,03/03/2019,13:01,Cash,240.96,4.761904762,12.048,7.7
280-35-5823,B,Mandalay,Member,Female,Home and lifestyle,86.72,1,4.336,91.056,17/01/2019,18:45,Ewallet,86.72,4.761904762,4.336,7.9
554-53-8700,C,Naypyitaw,Member,Male,Home and lifestyle,56.11,2,5.611,117.831,02/02/2019,10:11,Cash,112.22,4.761904762,5.611,6.3
617-15-4209,C,Naypyitaw,Member,Male,Health and beauty,15.37,2,1.537,32.277,16/03/2019,19:47,Cash,30.74,4.761904762,1.537,7.2
370-41-7321,B,Mandalay,Member,Male,Health and beauty,56.69,9,25.5105,535.7205,27/02/2019,17:24,Credit card,510.21,4.761904762,25.5105,8.4
574-22-5561,C,Naypyitaw,Member,Female,Fashion accessories,82.63,10,41.315,867.615,19/03/2019,17:08,Ewallet,826.3,4.761904762,41.315,7.9
326-78-5178,C,Naypyitaw,Member,Male,Food and beverages,91.4,7,31.99,671.79,02/03/2019,10:19,Cash,639.8,4.761904762,31.99,9.5
616-24-2851,B,Mandalay,Member,Female,Fashion accessories,17.87,4,3.574,75.054,22/03/2019,14:42,Ewallet,71.48,4.761904762,3.574,6.5
778-71-5554,C,Naypyitaw,Member,Male,Fashion accessories,15.43,1,0.7715,16.2015,25/01/2019,15:46,Credit card,15.43,4.761904762,0.7715,6.1
399-46-5918,C,Naypyitaw,Normal,Female,Electronic accessories,85.98,8,34.392,722.232,28/02/2019,19:01,Cash,687.84,4.761904762,34.392,8.2
106-35-6779,A,Yangon,Member,Male,Home and lifestyle,44.34,2,4.434,93.114,27/03/2019,11:26,Cash,88.68,4.761904762,4.434,5.8
817-48-8732,A,Yangon,Member,Female,Home and lifestyle,72.35,10,36.175,759.675,20/01/2019,15:55,Cash,723.5,4.761904762,36.175,5.4
285-68-5083,C,Naypyitaw,Member,Female,Sports and travel,24.74,3,3.711,77.931,15/02/2019,17:47,Credit card,74.22,4.761904762,3.711,10
803-83-5989,C,Naypyitaw,Normal,Male,Home and lifestyle,55.73,6,16.719,351.099,24/02/2019,10:55,Ewallet,334.38,4.761904762,16.719,7
347-34-2234,B,Mandalay,Member,Female,Sports and travel,55.07,9,24.7815,520.4115,02/03/2019,13:40,Ewallet,495.63,4.761904762,24.7815,10
853-23-2453,B,Mandalay,Member,Male,Health and beauty,75.74,4,15.148,318.108,14/02/2019,14:35,Cash,302.96,4.761904762,15.148,7.6
877-22-3308,A,Yangon,Member,Male,Health and beauty,15.87,10,7.935,166.635,13/03/2019,16:40,Cash,158.7,4.761904762,7.935,5.8
232-11-3025,A,Yangon,Normal,Male,Sports and travel,78.77,10,39.385,827.085,24/01/2019,10:04,Cash,787.7,4.761904762,39.385,6.4
382-03-4532,A,Yangon,Member,Female,Health and beauty,18.33,1,0.9165,19.2465,02/02/2019,18:50,Cash,18.33,4.761904762,0.9165,4.3
287-21-9091,A,Yangon,Normal,Male,Home and lifestyle,74.67,9,33.6015,705.6315,22/01/2019,10:55,Ewallet,672.03,4.761904762,33.6015,9.4
732-94-0499,C,Naypyitaw,Normal,Female,Electronic accessories,41.65,10,20.825,437.325,13/01/2019,17:04,Credit card,416.5,4.761904762,20.825,5.4
756-01-7507,C,Naypyitaw,Normal,Female,Health and beauty,20.38,5,5.095,106.995,22/01/2019,18:56,Cash,101.9,4.761904762,5.095,6
870-72-4431,C,Naypyitaw,Normal,Female,Health and beauty,99.19,6,29.757,624.897,21/01/2019,14:42,Credit card,595.14,4.761904762,29.757,5.5
847-38-7188,B,Mandalay,Normal,Female,Food and beverages,96.68,3,14.502,304.542,26/01/2019,19:56,Ewallet,290.04,4.761904762,14.502,6.4
480-63-2856,C,Naypyitaw,Normal,Male,Food and beverages,19.25,8,7.7,161.7,23/01/2019,18:37,Ewallet,154,4.761904762,7.7,6.6
787-56-0757,C,Naypyitaw,Member,Female,Food and beverages,80.36,4,16.072,337.512,23/02/2019,18:45,Credit card,321.44,4.761904762,16.072,8.3
362-58-8315,C,Naypyitaw,Normal,Male,Fashion accessories,76.52,5,19.13,401.73,25/03/2019,10:23,Cash,382.6,4.761904762,19.13,9.9
633-44-8566,A,Yangon,Member,Male,Food and beverages,49.38,7,17.283,362.943,27/03/2019,20:35,Credit card,345.66,4.761904762,17.283,7.3
504-35-8843,A,Yangon,Normal,Male,Sports and travel,42.47,1,2.1235,44.5935,01/02/2019,16:57,Cash,42.47,4.761904762,2.1235,5.7
318-68-5053,B,Mandalay,Normal,Female,Health and beauty,76.99,6,23.097,485.037,27/02/2019,17:55,Cash,461.94,4.761904762,23.097,6.1
565-80-5980,C,Naypyitaw,Member,Female,Home and lifestyle,47.38,4,9.476,198.996,23/01/2019,10:25,Cash,189.52,4.761904762,9.476,7.1
225-32-0908,C,Naypyitaw,Normal,Female,Sports and travel,44.86,10,22.43,471.03,26/01/2019,19:54,Ewallet,448.6,4.761904762,22.43,8.2
766-85-7061,B,Mandalay,Normal,Male,Health and beauty,87.87,10,43.935,922.635,29/03/2019,10:25,Ewallet,878.7,4.761904762,43.935,5.1
865-92-6136,A,Yangon,Normal,Male,Food and beverages,52.75,3,7.9125,166.1625,23/03/2019,10:16,Ewallet,158.25,4.761904762,7.9125,9.3
163-56-7055,C,Naypyitaw,Member,Male,Fashion accessories,48.71,1,2.4355,51.1455,26/03/2019,19:20,Cash,48.71,4.761904762,2.4355,4.1
189-98-2939,C,Naypyitaw,Normal,Male,Fashion accessories,78.55,9,35.3475,742.2975,03/01/2019,13:22,Cash,706.95,4.761904762,35.3475,7.2
551-21-3069,C,Naypyitaw,Normal,Female,Electronic accessories,23.07,9,10.3815,218.0115,02/01/2019,11:27,Cash,207.63,4.761904762,10.3815,4.9
212-62-1842,A,Yangon,Normal,Male,Food and beverages,58.26,6,17.478,367.038,28/03/2019,16:44,Cash,349.56,4.761904762,17.478,9.9
716-39-1409,B,Mandalay,Normal,Male,Health and beauty,30.35,7,10.6225,223.0725,19/03/2019,18:19,Cash,212.45,4.761904762,10.6225,8
630-74-5166,A,Yangon,Normal,Male,Sports and travel,62.13,6,18.639,391.419,22/03/2019,20:19,Cash,372.78,4.761904762,18.639,7.4
588-01-7461,C,Naypyitaw,Normal,Female,Food and beverages,33.98,9,15.291,321.111,24/03/2019,10:43,Cash,305.82,4.761904762,15.291,4.2
861-77-0145,C,Naypyitaw,Member,Male,Electronic accessories,81.97,10,40.985,860.685,03/03/2019,14:30,Cash,819.7,4.761904762,40.985,9.2
227-78-1148,B,Mandalay,Normal,Female,Fashion accessories,72.84,7,25.494,535.374,15/02/2019,12:44,Cash,509.88,4.761904762,25.494,8.4
645-44-1170,A,Yangon,Member,Male,Home and lifestyle,58.07,9,26.1315,548.7615,19/01/2019,20:07,Ewallet,522.63,4.761904762,26.1315,4.3
237-01-6122,C,Naypyitaw,Member,Female,Home and lifestyle,80.79,9,36.3555,763.4655,02/01/2019,20:31,Credit card,727.11,4.761904762,36.3555,9.5
225-98-1496,C,Naypyitaw,Normal,Female,Fashion accessories,27.02,3,4.053,85.113,03/02/2019,13:01,Credit card,81.06,4.761904762,4.053,7.1
659-65-8956,B,Mandalay,Member,Male,Fashion accessories,51.36,1,2.568,53.928,16/01/2019,15:26,Ewallet,51.36,4.761904762,2.568,5.2
642-32-2990,A,Yangon,Normal,Female,Food and beverages,10.96,10,5.48,115.08,02/02/2019,20:48,Ewallet,109.6,4.761904762,5.48,6
378-24-2715,B,Mandalay,Normal,Male,Home and lifestyle,53.44,2,5.344,112.224,20/01/2019,20:38,Ewallet,106.88,4.761904762,5.344,4.1
638-60-7125,A,Yangon,Normal,Female,Electronic accessories,99.56,8,39.824,836.304,14/02/2019,17:03,Credit card,796.48,4.761904762,39.824,5.2
336-78-2147,C,Naypyitaw,Member,Male,Home and lifestyle,63.91,8,25.564,536.844,13/03/2019,19:52,Credit card,511.28,4.761904762,25.564,4.6
870-54-3162,A,Yangon,Normal,Female,Sports and travel,32.25,5,8.0625,169.3125,27/01/2019,13:26,Cash,161.25,4.761904762,8.0625,9
191-10-6171,B,Mandalay,Normal,Female,Fashion accessories,39.62,7,13.867,291.207,25/01/2019,13:18,Cash,277.34,4.761904762,13.867,7.5
590-83-4591,B,Mandalay,Member,Male,Electronic accessories,87.45,6,26.235,550.935,17/02/2019,14:40,Credit card,524.7,4.761904762,26.235,8.8
597-78-7908,C,Naypyitaw,Normal,Male,Fashion accessories,90.22,3,13.533,284.193,18/02/2019,19:39,Cash,270.66,4.761904762,13.533,6.2
700-81-1757,A,Yangon,Normal,Female,Electronic accessories,26.31,5,6.5775,138.1275,18/01/2019,20:59,Credit card,131.55,4.761904762,6.5775,8.8
354-39-5160,A,Yangon,Member,Female,Home and lifestyle,34.42,6,10.326,216.846,18/02/2019,15:39,Cash,206.52,4.761904762,10.326,9.8
241-72-9525,B,Mandalay,Normal,Male,Sports and travel,51.91,10,25.955,545.055,16/02/2019,12:21,Cash,519.1,4.761904762,25.955,8.2
575-30-8091,A,Yangon,Normal,Male,Sports and travel,72.5,8,29,609,16/03/2019,19:25,Ewallet,580,4.761904762,29,9.2
731-81-9469,C,Naypyitaw,Member,Female,Sports and travel,89.8,10,44.9,942.9,23/01/2019,13:00,Credit card,898,4.761904762,44.9,5.4
280-17-4359,C,Naypyitaw,Member,Male,Health and beauty,90.5,10,45.25,950.25,25/01/2019,13:48,Cash,905,4.761904762,45.25,8.1
488-25-4221,C,Naypyitaw,Member,Female,Food and beverages,30.41,1,1.5205,31.9305,22/02/2019,10:36,Credit card,30.41,4.761904762,1.5205,8.4
239-10-7476,A,Yangon,Normal,Female,Home and lifestyle,77.95,6,23.385,491.085,21/01/2019,16:37,Ewallet,467.7,4.761904762,23.385,8
568-90-5112,C,Naypyitaw,Normal,Male,Health and beauty,66.14,4,13.228,277.788,19/03/2019,12:46,Credit card,264.56,4.761904762,13.228,5.6
238-49-0436,A,Yangon,Normal,Male,Health and beauty,32.46,8,12.984,272.664,27/03/2019,13:48,Credit card,259.68,4.761904762,12.984,4.9
608-96-3517,B,Mandalay,Member,Female,Fashion accessories,91.54,4,18.308,384.468,23/03/2019,19:20,Credit card,366.16,4.761904762,18.308,4.8
746-94-0204,A,Yangon,Normal,Male,Fashion accessories,83.24,9,37.458,786.618,29/01/2019,11:56,Credit card,749.16,4.761904762,37.458,7.4
400-89-4171,C,Naypyitaw,Normal,Female,Sports and travel,80.97,8,32.388,680.148,28/01/2019,13:05,Cash,647.76,4.761904762,32.388,9.3
782-95-9291,A,Yangon,Member,Male,Food and beverages,92.29,5,23.0725,484.5225,20/02/2019,15:55,Credit card,461.45,4.761904762,23.0725,9
743-04-1105,B,Mandalay,Member,Male,Health and beauty,97.22,9,43.749,918.729,30/03/2019,14:43,Ewallet,874.98,4.761904762,43.749,6
423-57-2993,B,Mandalay,Normal,Male,Sports and travel,93.39,6,28.017,588.357,27/03/2019,19:18,Ewallet,560.34,4.761904762,28.017,10
894-41-5205,C,Naypyitaw,Normal,Female,Food and beverages,43.18,8,17.272,362.712,19/01/2019,19:39,Credit card,345.44,4.761904762,17.272,8.3
275-28-0149,A,Yangon,Normal,Male,Sports and travel,63.69,1,3.1845,66.8745,25/02/2019,16:21,Cash,63.69,4.761904762,3.1845,6
101-17-6199,A,Yangon,Normal,Male,Food and beverages,45.79,7,16.0265,336.5565,13/03/2019,19:44,Credit card,320.53,4.761904762,16.0265,7
423-80-0988,C,Naypyitaw,Normal,Male,Sports and travel,76.4,2,7.64,160.44,30/01/2019,19:42,Ewallet,152.8,4.761904762,7.64,6.5
548-46-9322,B,Mandalay,Normal,Male,Food and beverages,39.9,10,19.95,418.95,20/02/2019,15:24,Credit card,399,4.761904762,19.95,5.9
505-02-0892,B,Mandalay,Member,Male,Health and beauty,42.57,8,17.028,357.588,25/02/2019,14:12,Ewallet,340.56,4.761904762,17.028,5.6
234-65-2137,C,Naypyitaw,Normal,Male,Home and lifestyle,95.58,10,47.79,1003.59,16/01/2019,13:32,Cash,955.8,4.761904762,47.79,4.8
796-32-9050,A,Yangon,Normal,Male,Food and beverages,51.28,6,15.384,323.064,19/01/2019,16:31,Cash,307.68,4.761904762,15.384,6.5
105-31-1824,A,Yangon,Member,Male,Sports and travel,69.52,7,24.332,510.972,02/01/2019,15:10,Credit card,486.64,4.761904762,24.332,8.5
249-42-3782,A,Yangon,Normal,Male,Health and beauty,70.01,5,17.5025,367.5525,01/03/2019,11:36,Ewallet,350.05,4.761904762,17.5025,5.5
316-55-4634,B,Mandalay,Member,Male,Food and beverages,80.05,5,20.0125,420.2625,26/01/2019,12:45,Credit card,400.25,4.761904762,20.0125,9.4
733-33-4967,C,Naypyitaw,Normal,Male,Electronic accessories,20.85,8,8.34,175.14,03/03/2019,19:17,Cash,166.8,4.761904762,8.34,6.3
608-27-6295,B,Mandalay,Member,Male,Electronic accessories,52.89,6,15.867,333.207,19/01/2019,17:34,Credit card,317.34,4.761904762,15.867,9.8
414-12-7047,B,Mandalay,Normal,Male,Food and beverages,19.79,8,7.916,166.236,18/01/2019,12:04,Ewallet,158.32,4.761904762,7.916,8.7
827-26-2100,A,Yangon,Member,Male,Home and lifestyle,33.84,9,15.228,319.788,21/03/2019,16:21,Ewallet,304.56,4.761904762,15.228,8.8
175-54-2529,A,Yangon,Member,Male,Food and beverages,22.17,8,8.868,186.228,03/03/2019,17:01,Credit card,177.36,4.761904762,8.868,9.6
139-52-2867,C,Naypyitaw,Normal,Female,Fashion accessories,22.51,7,7.8785,165.4485,13/02/2019,10:50,Credit card,157.57,4.761904762,7.8785,4.8
407-63-8975,A,Yangon,Normal,Male,Food and beverages,73.88,6,22.164,465.444,23/03/2019,19:16,Ewallet,443.28,4.761904762,22.164,4.4
342-65-4817,C,Naypyitaw,Member,Male,Health and beauty,86.8,3,13.02,273.42,28/01/2019,16:47,Ewallet,260.4,4.761904762,13.02,9.9
434-83-9547,C,Naypyitaw,Member,Male,Food and beverages,38.47,8,15.388,323.148,23/01/2019,11:51,Cash,307.76,4.761904762,15.388,7.7
851-28-6367,A,Yangon,Member,Male,Sports and travel,15.5,10,7.75,162.75,23/03/2019,10:55,Ewallet,155,4.761904762,7.75,8
824-88-3614,C,Naypyitaw,Normal,Male,Health and beauty,34.31,8,13.724,288.204,25/01/2019,15:00,Ewallet,274.48,4.761904762,13.724,5.7
305-14-0245,B,Mandalay,Member,Female,Home and lifestyle,94.49,8,37.796,793.716,03/03/2019,19:00,Ewallet,755.92,4.761904762,37.796,7.5
593-65-1552,C,Naypyitaw,Normal,Female,Home and lifestyle,69.81,4,13.962,293.202,28/01/2019,20:50,Credit card,279.24,4.761904762,13.962,5.9
437-58-8131,B,Mandalay,Normal,Female,Fashion accessories,73.52,2,7.352,154.392,15/01/2019,13:41,Ewallet,147.04,4.761904762,7.352,4.6
286-43-6208,C,Naypyitaw,Normal,Female,Food and beverages,87.8,9,39.51,829.71,16/03/2019,19:08,Cash,790.2,4.761904762,39.51,9.2
641-43-2399,B,Mandalay,Normal,Male,Home and lifestyle,25.55,4,5.11,107.31,26/01/2019,20:23,Ewallet,102.2,4.761904762,5.11,5.7
831-07-6050,A,Yangon,Normal,Male,Electronic accessories,32.71,5,8.1775,171.7275,19/03/2019,11:30,Credit card,163.55,4.761904762,8.1775,9.9
556-86-3144,C,Naypyitaw,Member,Female,Fashion accessories,74.29,1,3.7145,78.0045,13/01/2019,19:30,Cash,74.29,4.761904762,3.7145,5
848-24-9445,C,Naypyitaw,Member,Male,Health and beauty,43.7,2,4.37,91.77,26/03/2019,18:03,Cash,87.4,4.761904762,4.37,4.9
856-22-8149,A,Yangon,Normal,Female,Home and lifestyle,25.29,1,1.2645,26.5545,23/03/2019,10:13,Ewallet,25.29,4.761904762,1.2645,6.1
420-11-4919,C,Naypyitaw,Member,Female,Food and beverages,71.39,5,17.8475,374.7975,17/02/2019,19:57,Credit card,356.95,4.761904762,17.8475,5.5
606-80-4905,C,Naypyitaw,Member,Female,Sports and travel,19.15,6,5.745,120.645,29/01/2019,10:01,Credit card,114.9,4.761904762,5.745,6.8
542-41-0513,B,Mandalay,Member,Female,Electronic accessories,57.49,4,11.498,241.458,15/03/2019,11:57,Cash,229.96,4.761904762,11.498,6.6
426-39-2418,C,Naypyitaw,Normal,Male,Electronic accessories,61.41,7,21.4935,451.3635,14/01/2019,10:02,Cash,429.87,4.761904762,21.4935,9.8
394-43-4238,B,Mandalay,Member,Male,Home and lifestyle,17.77,5,4.4425,93.2925,15/02/2019,12:42,Credit card,88.85,4.761904762,4.4425,5.4
749-24-1565,A,Yangon,Normal,Female,Health and beauty,23.03,9,10.3635,217.6335,01/03/2019,12:02,Ewallet,207.27,4.761904762,10.3635,7.9
263-87-5680,C,Naypyitaw,Member,Female,Home and lifestyle,28.53,10,14.265,299.565,18/03/2019,17:38,Ewallet,285.3,4.761904762,14.265,7.8
573-58-9734,B,Mandalay,Normal,Female,Fashion accessories,30.37,3,4.5555,95.6655,28/03/2019,13:41,Ewallet,91.11,4.761904762,4.5555,5.1
817-69-8206,B,Mandalay,Normal,Female,Electronic accessories,99.73,9,44.8785,942.4485,03/02/2019,19:42,Credit card,897.57,4.761904762,44.8785,6.5
888-02-0338,A,Yangon,Normal,Male,Electronic accessories,26.23,9,11.8035,247.8735,25/01/2019,20:24,Ewallet,236.07,4.761904762,11.8035,5.9
677-11-0152,C,Naypyitaw,Normal,Female,Food and beverages,93.26,9,41.967,881.307,16/01/2019,18:08,Cash,839.34,4.761904762,41.967,8.8
142-63-6033,B,Mandalay,Normal,Male,Home and lifestyle,92.36,5,23.09,484.89,20/03/2019,19:17,Ewallet,461.8,4.761904762,23.09,4.9
802-43-8934,A,Yangon,Normal,Male,Home and lifestyle,18.28,1,0.914,19.194,22/03/2019,15:05,Credit card,18.28,4.761904762,0.914,8.3
560-30-5617,B,Mandalay,Normal,Female,Sports and travel,24.77,5,6.1925,130.0425,24/03/2019,18:27,Cash,123.85,4.761904762,6.1925,8.5
319-74-2561,A,Yangon,Member,Female,Electronic accessories,94.64,3,14.196,298.116,21/02/2019,16:55,Cash,283.92,4.761904762,14.196,5.5
239-36-3640,B,Mandalay,Normal,Male,Electronic accessories,45.35,6,13.605,285.705,31/01/2019,13:44,Ewallet,272.1,4.761904762,13.605,6.1
389-25-3394,C,Naypyitaw,Normal,Male,Electronic accessories,11.81,5,2.9525,62.0025,17/02/2019,18:06,Cash,59.05,4.761904762,2.9525,9.4
279-62-1445,C,Naypyitaw,Member,Female,Fashion accessories,12.54,1,0.627,13.167,21/02/2019,12:38,Cash,12.54,4.761904762,0.627,8.2
213-72-6612,A,Yangon,Normal,Male,Food and beverages,43.25,2,4.325,90.825,20/03/2019,15:56,Cash,86.5,4.761904762,4.325,6.2
836-82-5858,B,Mandalay,Member,Male,Health and beauty,69.37,9,31.2165,655.5465,26/01/2019,19:14,Ewallet,624.33,4.761904762,31.2165,4
583-72-1480,C,Naypyitaw,Member,Male,Electronic accessories,37.06,4,7.412,155.652,31/01/2019,16:24,Ewallet,148.24,4.761904762,7.412,9.7
466-61-5506,B,Mandalay,Member,Female,Electronic accessories,90.7,6,27.21,571.41,26/02/2019,10:52,Cash,544.2,4.761904762,27.21,5.3
289-65-5721,B,Mandalay,Normal,Female,Fashion accessories,81.37,2,8.137,170.877,26/01/2019,19:28,Cash,162.74,4.761904762,8.137,6.5
269-04-5750,B,Mandalay,Member,Male,Fashion accessories,73.82,4,14.764,310.044,21/02/2019,18:31,Cash,295.28,4.761904762,14.764,6.7
645-78-8093,A,Yangon,Normal,Female,Sports and travel,93.14,2,9.314,195.594,20/01/2019,18:09,Ewallet,186.28,4.761904762,9.314,4.1
211-30-9270,C,Naypyitaw,Normal,Male,Health and beauty,17.41,5,4.3525,91.4025,28/01/2019,15:16,Credit card,87.05,4.761904762,4.3525,4.9
346-84-3103,B,Mandalay,Member,Female,Electronic accessories,13.22,5,3.305,69.405,03/02/2019,19:26,Cash,66.1,4.761904762,3.305,4.3
142-72-4741,C,Naypyitaw,Member,Male,Fashion accessories,93.2,2,9.32,195.72,28/02/2019,18:37,Credit card,186.4,4.761904762,9.32,6
376-02-8238,B,Mandalay,Normal,Male,Home and lifestyle,93.87,8,37.548,788.508,02/02/2019,18:42,Credit card,750.96,4.761904762,37.548,8.3
530-90-9855,A,Yangon,Member,Male,Home and lifestyle,47.59,8,19.036,399.756,01/01/2019,14:47,Cash,380.72,4.761904762,19.036,5.7
604-70-6476,A,Yangon,Member,Male,Fashion accessories,17.94,5,4.485,94.185,23/01/2019,14:04,Ewallet,89.7,4.761904762,4.485,6.8
785-13-7708,B,Mandalay,Normal,Male,Food and beverages,73.06,7,25.571,536.991,14/01/2019,19:06,Credit card,511.42,4.761904762,25.571,4.2
845-51-0542,B,Mandalay,Member,Male,Food and beverages,46.55,9,20.9475,439.8975,02/02/2019,15:34,Ewallet,418.95,4.761904762,20.9475,6.4
662-47-5456,C,Naypyitaw,Member,Male,Fashion accessories,35.19,10,17.595,369.495,17/03/2019,19:06,Credit card,351.9,4.761904762,17.595,8.4
883-17-4236,C,Naypyitaw,Normal,Female,Sports and travel,14.39,2,1.439,30.219,03/02/2019,19:44,Credit card,28.78,4.761904762,1.439,7.2
290-68-2984,A,Yangon,Normal,Male,Home and lifestyle,23.75,4,4.75,99.75,16/03/2019,11:22,Cash,95,4.761904762,4.75,5.2
110-48-7033,B,Mandalay,Member,Male,Fashion accessories,32.62,4,6.524,137.004,29/01/2019,14:12,Cash,130.48,4.761904762,6.524,9
366-93-0948,A,Yangon,Member,Male,Electronic accessories,66.35,1,3.3175,69.6675,31/01/2019,10:46,Credit card,66.35,4.761904762,3.3175,9.7
151-16-1484,A,Yangon,Member,Male,Electronic accessories,32.25,4,6.45,135.45,13/02/2019,12:38,Ewallet,129,4.761904762,6.45,6.5
850-41-9669,A,Yangon,Normal,Female,Electronic accessories,75.06,9,33.777,709.317,19/03/2019,13:25,Ewallet,675.54,4.761904762,33.777,6.2
655-85-5130,B,Mandalay,Member,Female,Fashion accessories,38.3,4,7.66,160.86,13/03/2019,19:22,Cash,153.2,4.761904762,7.66,5.7
154-74-7179,B,Mandalay,Normal,Male,Sports and travel,54.45,1,2.7225,57.1725,26/02/2019,19:24,Ewallet,54.45,4.761904762,2.7225,7.9
808-65-0703,C,Naypyitaw,Normal,Male,Home and lifestyle,35.47,4,7.094,148.974,14/03/2019,17:22,Credit card,141.88,4.761904762,7.094,6.9
687-15-1097,C,Naypyitaw,Member,Female,Health and beauty,21.12,2,2.112,44.352,01/03/2019,19:17,Cash,42.24,4.761904762,2.112,9.7
633-91-1052,A,Yangon,Normal,Female,Home and lifestyle,12.03,2,1.203,25.263,27/01/2019,15:51,Cash,24.06,4.761904762,1.203,5.1
477-24-6490,B,Mandalay,Normal,Female,Health and beauty,99.71,6,29.913,628.173,26/02/2019,16:52,Ewallet,598.26,4.761904762,29.913,7.9
376-56-3573,C,Naypyitaw,Normal,Female,Fashion accessories,95.42,4,19.084,400.764,02/02/2019,13:23,Ewallet,381.68,4.761904762,19.084,6.4
537-72-0426,C,Naypyitaw,Member,Male,Fashion accessories,70.99,10,35.495,745.395,20/03/2019,16:28,Cash,709.9,4.761904762,35.495,5.7
828-61-5674,A,Yangon,Member,Male,Sports and travel,44.02,10,22.01,462.21,20/03/2019,19:57,Credit card,440.2,4.761904762,22.01,9.6
136-08-6195,A,Yangon,Normal,Female,Home and lifestyle,69.96,8,27.984,587.664,15/02/2019,17:01,Credit card,559.68,4.761904762,27.984,6.4
498-41-1961,B,Mandalay,Normal,Male,Health and beauty,66.68,5,16.67,350.07,20/02/2019,18:01,Cash,333.4,4.761904762,16.67,7.6
593-95-4461,C,Naypyitaw,Member,Male,Home and lifestyle,74.86,1,3.743,78.603,24/03/2019,14:49,Cash,74.86,4.761904762,3.743,6.9
226-71-3580,C,Naypyitaw,Normal,Female,Sports and travel,23.75,9,10.6875,224.4375,31/01/2019,12:02,Cash,213.75,4.761904762,10.6875,9.5
283-79-9594,B,Mandalay,Normal,Female,Food and beverages,48.51,7,16.9785,356.5485,25/01/2019,13:30,Credit card,339.57,4.761904762,16.9785,5.2
430-60-3493,A,Yangon,Member,Female,Home and lifestyle,94.88,7,33.208,697.368,02/03/2019,14:38,Cash,664.16,4.761904762,33.208,4.2
139-20-0155,B,Mandalay,Member,Male,Electronic accessories,40.3,10,20.15,423.15,24/01/2019,17:37,Credit card,403,4.761904762,20.15,7
558-80-4082,C,Naypyitaw,Normal,Male,Electronic accessories,27.85,7,9.7475,204.6975,14/03/2019,17:20,Ewallet,194.95,4.761904762,9.7475,6
278-97-7759,A,Yangon,Member,Female,Electronic accessories,62.48,1,3.124,65.604,18/02/2019,20:29,Cash,62.48,4.761904762,3.124,4.7
316-68-6352,A,Yangon,Member,Female,Food and beverages,36.36,2,3.636,76.356,21/01/2019,10:00,Cash,72.72,4.761904762,3.636,7.1
585-03-5943,B,Mandalay,Normal,Male,Health and beauty,18.11,10,9.055,190.155,13/03/2019,11:46,Ewallet,181.1,4.761904762,9.055,5.9
211-05-0490,C,Naypyitaw,Member,Female,Electronic accessories,51.92,5,12.98,272.58,03/03/2019,13:42,Cash,259.6,4.761904762,12.98,7.5
727-75-6477,C,Naypyitaw,Normal,Male,Electronic accessories,28.84,4,5.768,121.128,29/03/2019,14:44,Cash,115.36,4.761904762,5.768,6.4
307-83-9164,A,Yangon,Member,Male,Home and lifestyle,60.01,4,12.002,252.042,25/01/2019,15:54,Cash,240.04,4.761904762,12.002,4.5
779-06-0012,C,Naypyitaw,Member,Female,Home and lifestyle,88.61,1,4.4305,93.0405,19/01/2019,10:21,Cash,88.61,4.761904762,4.4305,7.7
446-47-6729,C,Naypyitaw,Normal,Male,Fashion accessories,99.82,2,9.982,209.622,01/02/2019,18:09,Credit card,199.64,4.761904762,9.982,6.7
735-06-4124,C,Naypyitaw,Normal,Male,Food and beverages,48.61,1,2.4305,51.0405,25/02/2019,15:31,Cash,48.61,4.761904762,2.4305,4.4
439-54-7422,A,Yangon,Normal,Female,Electronic accessories,51.19,4,10.238,214.998,18/03/2019,17:15,Credit card,204.76,4.761904762,10.238,4.7
396-90-2219,B,Mandalay,Normal,Female,Electronic accessories,14.96,8,5.984,125.664,23/02/2019,12:29,Cash,119.68,4.761904762,5.984,8.6
411-77-0180,A,Yangon,Member,Male,Electronic accessories,72.2,7,25.27,530.67,26/03/2019,20:14,Ewallet,505.4,4.761904762,25.27,4.3
286-01-5402,A,Yangon,Normal,Female,Sports and travel,40.23,7,14.0805,295.6905,30/03/2019,13:22,Cash,281.61,4.761904762,14.0805,9.6
803-17-8013,A,Yangon,Member,Female,Home and lifestyle,88.79,8,35.516,745.836,17/02/2019,17:09,Cash,710.32,4.761904762,35.516,4.1
512-98-1403,A,Yangon,Member,Female,Electronic accessories,26.48,3,3.972,83.412,21/03/2019,10:40,Ewallet,79.44,4.761904762,3.972,4.7
532-59-7201,B,Mandalay,Member,Male,Sports and travel,79.93,6,23.979,503.559,31/01/2019,14:04,Cash,479.58,4.761904762,23.979,5.5
870-76-1733,A,Yangon,Member,Female,Food and beverages,14.23,5,3.5575,74.7075,02/01/2019,10:08,Credit card,71.15,4.761904762,3.5575,4.4
174-36-3675,C,Naypyitaw,Member,Male,Food and beverages,99.37,2,9.937,208.677,14/02/2019,17:29,Cash,198.74,4.761904762,9.937,5.2
787-15-1757,C,Naypyitaw,Member,Male,Health and beauty,44.07,4,8.814,185.094,18/02/2019,16:28,Ewallet,176.28,4.761904762,8.814,8.4
649-11-3678,C,Naypyitaw,Normal,Female,Food and beverages,22.93,9,10.3185,216.6885,26/02/2019,20:26,Cash,206.37,4.761904762,10.3185,5.5
622-20-1945,C,Naypyitaw,Normal,Female,Health and beauty,39.42,1,1.971,41.391,18/01/2019,15:08,Cash,39.42,4.761904762,1.971,8.4
372-94-8041,A,Yangon,Normal,Male,Health and beauty,15.26,6,4.578,96.138,15/02/2019,18:03,Ewallet,91.56,4.761904762,4.578,9.8
746-54-5508,A,Yangon,Normal,Male,Home and lifestyle,21.52,6,6.456,135.576,17/01/2019,12:48,Credit card,129.12,4.761904762,6.456,9.4
730-61-8757,B,Mandalay,Member,Male,Health and beauty,51.13,4,10.226,214.746,25/01/2019,10:11,Credit card,204.52,4.761904762,10.226,4
340-66-0321,A,Yangon,Member,Male,Electronic accessories,36.36,4,7.272,152.712,25/03/2019,13:07,Cash,145.44,4.761904762,7.272,7.6
634-97-8956,A,Yangon,Normal,Male,Food and beverages,32.9,3,4.935,103.635,17/02/2019,17:27,Credit card,98.7,4.761904762,4.935,9.1
566-71-1091,A,Yangon,Normal,Male,Fashion accessories,77.02,5,19.255,404.355,02/03/2019,15:59,Cash,385.1,4.761904762,19.255,5.5
442-48-3607,A,Yangon,Member,Male,Food and beverages,23.48,2,2.348,49.308,14/03/2019,11:21,Credit card,46.96,4.761904762,2.348,7.9
835-16-0096,C,Naypyitaw,Member,Male,Sports and travel,14.7,5,3.675,77.175,24/03/2019,13:48,Ewallet,73.5,4.761904762,3.675,8.5
527-09-6272,A,Yangon,Member,Female,Electronic accessories,28.45,5,7.1125,149.3625,21/03/2019,10:17,Credit card,142.25,4.761904762,7.1125,9.1
898-04-2717,A,Yangon,Normal,Male,Fashion accessories,76.4,9,34.38,721.98,19/03/2019,15:49,Ewallet,687.6,4.761904762,34.38,7.5
692-27-8933,B,Mandalay,Normal,Female,Sports and travel,57.95,6,17.385,365.085,24/02/2019,13:02,Cash,347.7,4.761904762,17.385,5.2
633-09-3463,C,Naypyitaw,Normal,Female,Electronic accessories,47.65,3,7.1475,150.0975,28/03/2019,12:58,Credit card,142.95,4.761904762,7.1475,9.5
873-95-4984,B,Mandalay,Member,Female,Health and beauty,76.9,7,26.915,565.215,15/02/2019,20:21,Cash,538.3,4.761904762,26.915,7.7
416-13-5917,C,Naypyitaw,Normal,Female,Food and beverages,97.03,5,24.2575,509.4075,30/01/2019,16:24,Ewallet,485.15,4.761904762,24.2575,9.3
150-89-8043,A,Yangon,Normal,Male,Sports and travel,44.65,3,6.6975,140.6475,14/02/2019,15:04,Cash,133.95,4.761904762,6.6975,6.2
135-84-8019,A,Yangon,Normal,Female,Fashion accessories,77.93,9,35.0685,736.4385,27/02/2019,16:10,Ewallet,701.37,4.761904762,35.0685,7.6
725-96-3778,C,Naypyitaw,Member,Female,Home and lifestyle,89.25,8,35.7,749.7,20/01/2019,10:13,Cash,714,4.761904762,35.7,4.7
531-80-1784,A,Yangon,Normal,Male,Electronic accessories,26.02,7,9.107,191.247,28/03/2019,17:38,Cash,182.14,4.761904762,9.107,5.1
400-45-1220,B,Mandalay,Normal,Female,Health and beauty,13.5,10,6.75,141.75,27/02/2019,11:06,Credit card,135,4.761904762,6.75,4.8
860-79-0874,C,Naypyitaw,Member,Female,Fashion accessories,99.3,10,49.65,1042.65,15/02/2019,14:53,Credit card,993,4.761904762,49.65,6.6
834-61-8124,A,Yangon,Normal,Male,Electronic accessories,51.69,7,18.0915,379.9215,26/01/2019,18:22,Cash,361.83,4.761904762,18.0915,5.5
115-99-4379,B,Mandalay,Member,Female,Fashion accessories,54.73,7,19.1555,402.2655,14/03/2019,19:02,Credit card,383.11,4.761904762,19.1555,8.5
565-67-6697,B,Mandalay,Member,Male,Home and lifestyle,27,9,12.15,255.15,03/02/2019,14:16,Cash,243,4.761904762,12.15,4.8
453-63-6187,B,Mandalay,Normal,Male,Electronic accessories,27.5,3,4.125,86.625,03/01/2019,15:40,Ewallet,82.5,4.761904762,4.125,6.5
578-80-7669,B,Mandalay,Normal,Male,Sports and travel,74.97,1,3.7485,78.7185,16/03/2019,16:58,Cash,74.97,4.761904762,3.7485,5.6
612-36-5536,A,Yangon,Member,Male,Food and beverages,80.96,8,32.384,680.064,17/02/2019,11:12,Credit card,647.68,4.761904762,32.384,7.4
605-72-4132,C,Naypyitaw,Normal,Female,Food and beverages,94.47,8,37.788,793.548,27/02/2019,15:12,Cash,755.76,4.761904762,37.788,9.1
462-67-9126,A,Yangon,Normal,Male,Home and lifestyle,73.22,6,21.966,461.286,21/01/2019,17:44,Cash,439.32,4.761904762,21.966,7.2
272-27-9238,C,Naypyitaw,Normal,Female,Food and beverages,41.24,4,8.248,173.208,19/02/2019,16:23,Cash,164.96,4.761904762,8.248,7.1
122-61-9553,C,Naypyitaw,Normal,Female,Electronic accessories,51.32,9,23.094,484.974,14/03/2019,19:33,Cash,461.88,4.761904762,23.094,5.6
468-88-0009,A,Yangon,Member,Male,Home and lifestyle,65.94,4,13.188,276.948,24/03/2019,10:29,Cash,263.76,4.761904762,13.188,6
613-59-9758,C,Naypyitaw,Normal,Female,Sports and travel,14.36,10,7.18,150.78,27/01/2019,14:28,Cash,143.6,4.761904762,7.18,5.4
201-86-2184,B,Mandalay,Member,Female,Electronic accessories,26.26,7,9.191,193.011,02/02/2019,19:40,Cash,183.82,4.761904762,9.191,9.9
261-12-8671,B,Mandalay,Normal,Female,Fashion accessories,60.96,2,6.096,128.016,25/01/2019,19:39,Credit card,121.92,4.761904762,6.096,4.9
730-70-9830,C,Naypyitaw,Normal,Female,Home and lifestyle,70.11,6,21.033,441.693,14/03/2019,17:54,Ewallet,420.66,4.761904762,21.033,5.2
382-25-8917,C,Naypyitaw,Normal,Male,Fashion accessories,42.08,6,12.624,265.104,29/01/2019,12:25,Cash,252.48,4.761904762,12.624,8.9
422-29-8786,A,Yangon,Normal,Female,Home and lifestyle,67.09,5,16.7725,352.2225,01/03/2019,16:47,Credit card,335.45,4.761904762,16.7725,9.1
667-23-5919,A,Yangon,Member,Female,Fashion accessories,96.7,5,24.175,507.675,14/01/2019,12:52,Ewallet,483.5,4.761904762,24.175,7
743-88-1662,C,Naypyitaw,Normal,Male,Sports and travel,95.49,7,33.4215,701.8515,22/02/2019,18:17,Ewallet,668.43,4.761904762,33.4215,8.7
182-69-8360,B,Mandalay,Normal,Female,Electronic accessories,23.65,4,4.73,99.33,30/01/2019,13:32,Credit card,94.6,4.761904762,4.73,4
462-78-5240,C,Naypyitaw,Normal,Female,Electronic accessories,26.61,2,2.661,55.881,19/03/2019,14:35,Cash,53.22,4.761904762,2.661,4.2
868-52-7573,B,Mandalay,Normal,Female,Food and beverages,99.69,5,24.9225,523.3725,14/01/2019,12:09,Cash,498.45,4.761904762,24.9225,9.9
153-58-4872,C,Naypyitaw,Member,Female,Food and beverages,74.89,4,14.978,314.538,03/01/2019,15:32,Ewallet,299.56,4.761904762,14.978,4.2
525-88-7307,B,Mandalay,Member,Male,Sports and travel,75.82,1,3.791,79.611,31/01/2019,13:19,Cash,75.82,4.761904762,3.791,5.8
725-56-0833,A,Yangon,Normal,Female,Health and beauty,32.32,10,16.16,339.36,20/02/2019,16:49,Credit card,323.2,4.761904762,16.16,10
394-41-0748,C,Naypyitaw,Member,Female,Fashion accessories,54.07,9,24.3315,510.9615,27/01/2019,14:55,Ewallet,486.63,4.761904762,24.3315,9.5
541-89-9860,C,Naypyitaw,Member,Female,Fashion accessories,80.48,3,12.072,253.512,15/02/2019,12:31,Cash,241.44,4.761904762,12.072,8.1
173-82-9529,B,Mandalay,Normal,Female,Fashion accessories,37.95,10,18.975,398.475,26/01/2019,14:51,Cash,379.5,4.761904762,18.975,9.7
563-36-9814,A,Yangon,Member,Male,Electronic accessories,76.82,1,3.841,80.661,13/02/2019,18:27,Ewallet,76.82,4.761904762,3.841,7.2
726-27-2396,A,Yangon,Normal,Female,Health and beauty,77.5,5,19.375,406.875,24/01/2019,20:36,Ewallet,387.5,4.761904762,19.375,4.3
316-01-3952,A,Yangon,Normal,Female,Food and beverages,54.27,5,13.5675,284.9175,13/03/2019,14:16,Ewallet,271.35,4.761904762,13.5675,4.6
760-54-1821,B,Mandalay,Normal,Male,Home and lifestyle,13.59,9,6.1155,128.4255,15/03/2019,10:26,Cash,122.31,4.761904762,6.1155,5.8
110-05-6330,C,Naypyitaw,Normal,Female,Food and beverages,39.43,6,11.829,248.409,25/03/2019,20:18,Credit card,236.58,4.761904762,11.829,9.4
831-64-0259,B,Mandalay,Normal,Female,Fashion accessories,39.75,5,9.9375,208.6875,22/02/2019,10:43,Ewallet,198.75,4.761904762,9.9375,9.6
587-03-7455,C,Naypyitaw,Member,Female,Fashion accessories,97.79,7,34.2265,718.7565,16/02/2019,17:30,Ewallet,684.53,4.761904762,34.2265,4.9
882-40-4577,A,Yangon,Member,Male,Sports and travel,67.26,4,13.452,282.492,19/01/2019,15:28,Credit card,269.04,4.761904762,13.452,8
372-26-1506,C,Naypyitaw,Normal,Female,Fashion accessories,23.82,5,5.955,125.055,28/01/2019,19:24,Ewallet,119.1,4.761904762,5.955,5.4
244-08-0162,B,Mandalay,Normal,Female,Health and beauty,34.21,10,17.105,359.205,01/02/2019,13:00,Cash,342.1,4.761904762,17.105,5.1
569-71-4390,B,Mandalay,Normal,Male,Sports and travel,21.87,2,2.187,45.927,25/01/2019,14:29,Ewallet,43.74,4.761904762,2.187,6.9
472-15-9636,A,Yangon,Normal,Male,Home and lifestyle,50.93,8,20.372,427.812,22/03/2019,19:36,Ewallet,407.44,4.761904762,20.372,9.2
268-03-6164,B,Mandalay,Normal,Male,Health and beauty,96.11,1,4.8055,100.9155,25/01/2019,16:28,Ewallet,96.11,4.761904762,4.8055,7.8
186-09-3669,C,Naypyitaw,Member,Female,Health and beauty,81.51,1,4.0755,85.5855,22/01/2019,10:57,Ewallet,81.51,4.761904762,4.0755,9.2
266-76-6436,C,Naypyitaw,Member,Female,Food and beverages,38.6,3,5.79,121.59,28/03/2019,13:57,Ewallet,115.8,4.761904762,5.79,7.5
740-22-2500,C,Naypyitaw,Normal,Female,Electronic accessories,84.05,3,12.6075,264.7575,23/01/2019,13:29,Cash,252.15,4.761904762,12.6075,9.8
301-81-8610,B,Mandalay,Member,Male,Fashion accessories,25.42,8,10.168,213.528,19/03/2019,19:42,Credit card,203.36,4.761904762,10.168,6.7
198-84-7132,B,Mandalay,Member,Male,Fashion accessories,40.61,9,18.2745,383.7645,01/02/2019,13:40,Cash,365.49,4.761904762,18.2745,7
269-10-8440,A,Yangon,Member,Male,Health and beauty,53.17,7,18.6095,390.7995,21/01/2019,18:01,Cash,372.19,4.761904762,18.6095,8.9
650-98-6268,B,Mandalay,Member,Female,Food and beverages,20.87,3,3.1305,65.7405,20/03/2019,13:53,Credit card,62.61,4.761904762,3.1305,8
741-73-3559,B,Mandalay,Normal,Male,Sports and travel,67.27,5,16.8175,353.1675,27/02/2019,17:27,Cash,336.35,4.761904762,16.8175,6.9
286-75-7818,B,Mandalay,Normal,Male,Fashion accessories,69.08,2,6.908,145.068,31/01/2019,19:48,Credit card,138.16,4.761904762,6.908,6.9
459-50-7686,A,Yangon,Normal,Female,Electronic accessories,23.46,6,7.038,147.798,13/01/2019,19:14,Ewallet,140.76,4.761904762,7.038,6.4
837-55-7229,B,Mandalay,Normal,Female,Fashion accessories,47.44,1,2.372,49.812,22/02/2019,18:19,Credit card,47.44,4.761904762,2.372,6.8
751-69-0068,C,Naypyitaw,Normal,Male,Sports and travel,99.24,9,44.658,937.818,19/03/2019,19:09,Ewallet,893.16,4.761904762,44.658,9
257-73-1380,C,Naypyitaw,Member,Male,Sports and travel,82.93,4,16.586,348.306,20/01/2019,16:51,Ewallet,331.72,4.761904762,16.586,9.6
450-28-2866,C,Naypyitaw,Member,Male,Food and beverages,17.44,5,4.36,91.56,15/01/2019,19:25,Cash,87.2,4.761904762,4.36,8.1
394-30-3170,B,Mandalay,Member,Female,Sports and travel,88.43,8,35.372,742.812,22/03/2019,19:35,Credit card,707.44,4.761904762,35.372,4.3
138-17-5109,A,Yangon,Member,Female,Home and lifestyle,89.21,9,40.1445,843.0345,15/01/2019,15:42,Credit card,802.89,4.761904762,40.1445,6.5
301-11-9629,A,Yangon,Normal,Female,Sports and travel,19.1,7,6.685,140.385,15/01/2019,10:43,Cash,133.7,4.761904762,6.685,9.7
390-80-5128,B,Mandalay,Member,Female,Health and beauty,19.15,1,0.9575,20.1075,28/01/2019,17:58,Credit card,19.15,4.761904762,0.9575,9.5
235-46-8343,C,Naypyitaw,Member,Male,Food and beverages,27.66,10,13.83,290.43,14/02/2019,11:26,Credit card,276.6,4.761904762,13.83,8.9
449-27-2918,B,Mandalay,Member,Female,Sports and travel,39.12,1,1.956,41.076,26/03/2019,11:02,Credit card,39.12,4.761904762,1.956,9.6
891-01-7034,B,Mandalay,Normal,Female,Electronic accessories,74.71,6,22.413,470.673,01/01/2019,19:07,Cash,448.26,4.761904762,22.413,6.7
744-09-5786,B,Mandalay,Normal,Male,Electronic accessories,22.01,6,6.603,138.663,01/02/2019,18:50,Cash,132.06,4.761904762,6.603,7.6
727-17-0390,A,Yangon,Normal,Female,Food and beverages,63.61,5,15.9025,333.9525,16/03/2019,12:43,Ewallet,318.05,4.761904762,15.9025,4.8
568-88-3448,A,Yangon,Normal,Male,Health and beauty,25,1,1.25,26.25,03/03/2019,15:09,Ewallet,25,4.761904762,1.25,5.5
187-83-5490,A,Yangon,Member,Male,Electronic accessories,20.77,4,4.154,87.234,31/01/2019,13:47,Cash,83.08,4.761904762,4.154,4.7
767-54-1907,B,Mandalay,Member,Female,Fashion accessories,29.56,5,7.39,155.19,13/02/2019,16:59,Cash,147.8,4.761904762,7.39,6.9
710-46-4433,B,Mandalay,Member,Female,Food and beverages,77.4,9,34.83,731.43,15/02/2019,14:15,Credit card,696.6,4.761904762,34.83,4.5
325-90-8763,C,Naypyitaw,Member,Female,Electronic accessories,46.57,10,23.285,488.985,27/01/2019,13:58,Cash,465.7,4.761904762,23.285,7.6
729-46-7422,C,Naypyitaw,Normal,Male,Food and beverages,35.89,1,1.7945,37.6845,23/02/2019,16:52,Credit card,35.89,4.761904762,1.7945,7.9
639-76-1242,C,Naypyitaw,Normal,Male,Food and beverages,40.52,5,10.13,212.73,02/03/2019,15:19,Cash,202.6,4.761904762,10.13,4.5
234-03-4040,B,Mandalay,Member,Female,Food and beverages,73.05,10,36.525,767.025,03/03/2019,12:25,Credit card,730.5,4.761904762,36.525,8.7
326-71-2155,C,Naypyitaw,Normal,Female,Sports and travel,73.95,4,14.79,310.59,02/03/2019,10:02,Cash,295.8,4.761904762,14.79,6.1
320-32-8842,C,Naypyitaw,Member,Female,Food and beverages,22.62,1,1.131,23.751,17/03/2019,18:58,Cash,22.62,4.761904762,1.131,6.4
470-32-9057,A,Yangon,Member,Male,Food and beverages,51.34,5,12.835,269.535,28/03/2019,15:31,Credit card,256.7,4.761904762,12.835,9.1
878-30-2331,C,Naypyitaw,Member,Female,Sports and travel,54.55,10,27.275,572.775,03/02/2019,11:22,Credit card,545.5,4.761904762,27.275,7.1
554-53-3790,B,Mandalay,Normal,Male,Sports and travel,37.02,6,11.106,233.226,22/03/2019,18:33,Cash,222.12,4.761904762,11.106,4.5
233-34-0817,C,Naypyitaw,Member,Female,Electronic accessories,98.84,1,4.942,103.782,15/02/2019,11:21,Cash,98.84,4.761904762,4.942,8.4
767-05-1286,C,Naypyitaw,Member,Female,Home and lifestyle,83.77,6,25.131,527.751,23/01/2019,12:10,Ewallet,502.62,4.761904762,25.131,5.4
340-21-9136,A,Yangon,Member,Female,Sports and travel,40.05,4,8.01,168.21,25/01/2019,11:40,Cash,160.2,4.761904762,8.01,9.7
405-31-3305,A,Yangon,Member,Male,Fashion accessories,43.13,10,21.565,452.865,02/02/2019,18:31,Credit card,431.3,4.761904762,21.565,5.5
731-59-7531,B,Mandalay,Member,Male,Health and beauty,72.57,8,29.028,609.588,30/03/2019,17:58,Cash,580.56,4.761904762,29.028,4.6
676-39-6028,A,Yangon,Member,Female,Electronic accessories,64.44,5,16.11,338.31,30/03/2019,17:04,Cash,322.2,4.761904762,16.11,6.6
502-05-1910,A,Yangon,Normal,Male,Health and beauty,65.18,3,9.777,205.317,25/02/2019,20:35,Credit card,195.54,4.761904762,9.777,6.3
485-30-8700,A,Yangon,Normal,Female,Sports and travel,33.26,5,8.315,174.615,18/03/2019,16:10,Credit card,166.3,4.761904762,8.315,4.2
701-69-8742,B,Mandalay,Normal,Male,Sports and travel,34.37,10,17.185,360.885,16/03/2019,10:11,Ewallet,343.7,4.761904762,17.185,6.7
575-67-1508,A,Yangon,Normal,Male,Electronic accessories,38.6,1,1.93,40.53,29/01/2019,11:26,Ewallet,38.6,4.761904762,1.93,6.7
541-08-3113,C,Naypyitaw,Normal,Male,Food and beverages,65.97,8,26.388,554.148,02/02/2019,20:29,Cash,527.76,4.761904762,26.388,8.4
246-11-3901,C,Naypyitaw,Normal,Female,Electronic accessories,32.8,10,16.4,344.4,15/02/2019,12:12,Cash,328,4.761904762,16.4,6.2
493-65-6248,C,Naypyitaw,Member,Female,Sports and travel,36.98,10,18.49,388.29,01/01/2019,19:48,Credit card,369.8,4.761904762,18.49,7
438-01-4015,B,Mandalay,Member,Female,Sports and travel,49.49,4,9.898,207.858,21/03/2019,15:25,Ewallet,197.96,4.761904762,9.898,6.6
709-58-4068,B,Mandalay,Normal,Female,Fashion accessories,41.09,10,20.545,431.445,28/02/2019,14:42,Cash,410.9,4.761904762,20.545,7.3
795-49-7276,A,Yangon,Normal,Male,Fashion accessories,37.15,4,7.43,156.03,23/03/2019,18:59,Ewallet,148.6,4.761904762,7.43,8.3
556-72-8512,C,Naypyitaw,Normal,Male,Home and lifestyle,22.96,1,1.148,24.108,30/01/2019,20:47,Cash,22.96,4.761904762,1.148,4.3
686-41-0932,B,Mandalay,Normal,Female,Fashion accessories,34.7,2,3.47,72.87,13/03/2019,19:48,Ewallet,69.4,4.761904762,3.47,8.2
510-09-5628,A,Yangon,Member,Female,Fashion accessories,19.66,10,9.83,206.43,15/03/2019,18:20,Credit card,196.6,4.761904762,9.83,7.2
437-53-3084,B,Mandalay,Normal,Male,Fashion accessories,99.89,2,9.989,209.769,26/02/2019,11:48,Ewallet,199.78,4.761904762,9.989,7.1
632-32-4574,B,Mandalay,Normal,Male,Sports and travel,75.92,8,30.368,637.728,20/03/2019,14:14,Cash,607.36,4.761904762,30.368,5.5
556-97-7101,C,Naypyitaw,Normal,Female,Electronic accessories,63.22,2,6.322,132.762,01/01/2019,15:51,Cash,126.44,4.761904762,6.322,8.5
862-59-8517,C,Naypyitaw,Normal,Female,Food and beverages,90.24,6,27.072,568.512,27/01/2019,11:17,Cash,541.44,4.761904762,27.072,6.2
401-18-8016,B,Mandalay,Member,Female,Sports and travel,98.13,1,4.9065,103.0365,21/01/2019,17:36,Cash,98.13,4.761904762,4.9065,8.9
420-18-8989,A,Yangon,Member,Female,Sports and travel,51.52,8,20.608,432.768,02/02/2019,15:47,Cash,412.16,4.761904762,20.608,9.6
277-63-2961,B,Mandalay,Member,Male,Sports and travel,73.97,1,3.6985,77.6685,02/03/2019,15:53,Credit card,73.97,4.761904762,3.6985,5.4
620-02-2046,C,Naypyitaw,Normal,Male,Home and lifestyle,69.4,2,6.94,145.74,27/01/2019,19:48,Ewallet,138.8,4.761904762,6.94,9
282-35-2475,B,Mandalay,Normal,Female,Sports and travel,93.31,2,9.331,195.951,25/03/2019,17:53,Cash,186.62,4.761904762,9.331,6.3
511-54-3087,B,Mandalay,Normal,Male,Sports and travel,88.45,1,4.4225,92.8725,25/02/2019,16:36,Credit card,88.45,4.761904762,4.4225,9.5
726-29-6793,A,Yangon,Member,Male,Electronic accessories,24.18,8,9.672,203.112,28/01/2019,20:54,Ewallet,193.44,4.761904762,9.672,9.8
862-17-9201,B,Mandalay,Normal,Female,Food and beverages,84.05,6,25.215,529.515,29/01/2019,10:48,Credit card,504.3,4.761904762,25.215,7.7
291-21-5991,B,Mandalay,Member,Male,Health and beauty,61.29,5,15.3225,321.7725,29/03/2019,14:28,Cash,306.45,4.761904762,15.3225,7
347-72-6115,B,Mandalay,Member,Female,Sports and travel,90.74,7,31.759,666.939,16/01/2019,18:03,Credit card,635.18,4.761904762,31.759,6.2
595-27-4851,A,Yangon,Normal,Female,Fashion accessories,54.28,7,18.998,398.958,27/01/2019,18:05,Ewallet,379.96,4.761904762,18.998,9.3
189-52-0236,A,Yangon,Normal,Male,Electronic accessories,99.55,7,34.8425,731.6925,14/03/2019,12:07,Cash,696.85,4.761904762,34.8425,7.6
503-07-0930,C,Naypyitaw,Member,Male,Sports and travel,58.39,7,20.4365,429.1665,23/02/2019,19:49,Credit card,408.73,4.761904762,20.4365,8.2
413-20-6708,C,Naypyitaw,Member,Female,Fashion accessories,51.47,1,2.5735,54.0435,18/03/2019,15:52,Ewallet,51.47,4.761904762,2.5735,8.5
425-85-2085,B,Mandalay,Member,Male,Health and beauty,54.86,5,13.715,288.015,29/03/2019,16:48,Ewallet,274.3,4.761904762,13.715,9.8
521-18-7827,C,Naypyitaw,Member,Male,Home and lifestyle,39.39,5,9.8475,206.7975,22/01/2019,20:46,Credit card,196.95,4.761904762,9.8475,8.7
220-28-1851,A,Yangon,Normal,Male,Home and lifestyle,34.73,2,3.473,72.933,03/01/2019,18:14,Ewallet,69.46,4.761904762,3.473,9.7
600-38-9738,C,Naypyitaw,Member,Male,Sports and travel,71.92,5,17.98,377.58,17/01/2019,15:05,Credit card,359.6,4.761904762,17.98,4.3
734-91-1155,B,Mandalay,Normal,Female,Electronic accessories,45.71,3,6.8565,143.9865,26/03/2019,10:34,Credit card,137.13,4.761904762,6.8565,7.7
451-28-5717,C,Naypyitaw,Member,Female,Home and lifestyle,83.17,6,24.951,523.971,20/03/2019,11:23,Cash,499.02,4.761904762,24.951,7.3
133-14-7229,C,Naypyitaw,Normal,Male,Health and beauty,62.87,2,6.287,132.027,01/01/2019,11:43,Cash,125.74,4.761904762,6.287,5
534-01-4457,A,Yangon,Normal,Male,Food and beverages,81.71,6,24.513,514.773,27/01/2019,14:36,Credit card,490.26,4.761904762,24.513,8
719-89-8991,A,Yangon,Member,Female,Sports and travel,91.41,5,22.8525,479.9025,25/02/2019,16:03,Ewallet,457.05,4.761904762,22.8525,7.1
286-62-6248,B,Mandalay,Normal,Male,Fashion accessories,39.21,4,7.842,164.682,16/01/2019,20:03,Credit card,156.84,4.761904762,7.842,9
339-38-9982,B,Mandalay,Member,Male,Fashion accessories,59.86,2,5.986,125.706,13/01/2019,14:55,Ewallet,119.72,4.761904762,5.986,6.7
827-77-7633,A,Yangon,Normal,Male,Sports and travel,98.09,9,44.1405,926.9505,17/02/2019,19:41,Cash,882.81,4.761904762,44.1405,9.3
435-13-4908,A,Yangon,Member,Male,Fashion accessories,86.68,8,34.672,728.112,24/01/2019,18:04,Credit card,693.44,4.761904762,34.672,7.2
236-27-1144,C,Naypyitaw,Normal,Female,Food and beverages,16.31,9,7.3395,154.1295,26/03/2019,10:31,Ewallet,146.79,4.761904762,7.3395,8.4
308-81-0538,A,Yangon,Normal,Female,Fashion accessories,73.05,4,14.61,306.81,25/02/2019,17:16,Credit card,292.2,4.761904762,14.61,4.9
358-88-9262,C,Naypyitaw,Member,Female,Food and beverages,87.48,6,26.244,551.124,02/01/2019,18:43,Ewallet,524.88,4.761904762,26.244,5.1
460-35-4390,A,Yangon,Normal,Male,Home and lifestyle,30.68,3,4.602,96.642,22/01/2019,11:00,Ewallet,92.04,4.761904762,4.602,9.1
343-87-0864,C,Naypyitaw,Member,Male,Health and beauty,75.88,1,3.794,79.674,01/03/2019,10:30,Credit card,75.88,4.761904762,3.794,7.1
173-50-1108,B,Mandalay,Member,Female,Sports and travel,20.18,4,4.036,84.756,13/02/2019,12:14,Credit card,80.72,4.761904762,4.036,5
243-47-2663,C,Naypyitaw,Member,Male,Electronic accessories,18.77,6,5.631,118.251,28/01/2019,16:43,Credit card,112.62,4.761904762,5.631,5.5
701-23-5550,B,Mandalay,Member,Male,Home and lifestyle,38.81,4,7.762,163.002,19/03/2019,13:40,Ewallet,155.24,4.761904762,7.762,4.9
539-21-7227,B,Mandalay,Normal,Female,Sports and travel,51.54,5,12.885,270.585,26/01/2019,17:45,Cash,257.7,4.761904762,12.885,4.2
213-32-1216,A,Yangon,Normal,Female,Electronic accessories,66.06,6,19.818,416.178,23/01/2019,10:28,Cash,396.36,4.761904762,19.818,7.3
582-52-8065,B,Mandalay,Normal,Female,Fashion accessories,54.31,9,24.4395,513.2295,22/02/2019,10:49,Cash,488.79,4.761904762,24.4395,8.9
134-75-2619,A,Yangon,Member,Male,Electronic accessories,19.32,7,6.762,142.002,25/03/2019,18:51,Cash,135.24,4.761904762,6.762,6.9
356-44-8813,B,Mandalay,Normal,Male,Home and lifestyle,37.48,3,5.622,118.062,20/01/2019,13:45,Credit card,112.44,4.761904762,5.622,7.7
283-26-5248,C,Naypyitaw,Member,Female,Food and beverages,98.52,10,49.26,1034.46,30/01/2019,20:23,Ewallet,985.2,4.761904762,49.26,4.5
712-39-0363,A,Yangon,Member,Male,Food and beverages,41.66,6,12.498,262.458,01/02/2019,15:24,Ewallet,249.96,4.761904762,12.498,5.6
218-59-9410,A,Yangon,Member,Female,Home and lifestyle,72.42,3,10.863,228.123,29/03/2019,16:54,Ewallet,217.26,4.761904762,10.863,8.2
174-75-0888,B,Mandalay,Normal,Male,Electronic accessories,21.58,9,9.711,203.931,14/03/2019,12:32,Cash,194.22,4.761904762,9.711,7.3
134-54-4720,B,Mandalay,Normal,Female,Electronic accessories,42.42,8,16.968,356.328,30/01/2019,13:58,Ewallet,339.36,4.761904762,16.968,5.7
760-90-2357,A,Yangon,Member,Male,Electronic accessories,74.51,6,22.353,469.413,20/03/2019,15:08,Ewallet,447.06,4.761904762,22.353,5
514-37-2845,B,Mandalay,Normal,Male,Fashion accessories,99.25,2,9.925,208.425,20/03/2019,13:02,Cash,198.5,4.761904762,9.925,9
698-98-5964,A,Yangon,Normal,Female,Food and beverages,81.21,10,40.605,852.705,17/01/2019,13:01,Credit card,812.1,4.761904762,40.605,6.3
718-57-9773,C,Naypyitaw,Normal,Female,Sports and travel,49.33,10,24.665,517.965,02/03/2019,16:40,Credit card,493.3,4.761904762,24.665,9.4
651-88-7328,A,Yangon,Normal,Female,Fashion accessories,65.74,9,29.583,621.243,01/01/2019,13:55,Cash,591.66,4.761904762,29.583,7.7
408-26-9866,C,Naypyitaw,Normal,Female,Sports and travel,73.98,7,25.893,543.753,03/02/2019,16:42,Ewallet,517.86,4.761904762,25.893,4.1
834-83-1826,B,Mandalay,Member,Female,Home and lifestyle,82.04,5,20.51,430.71,25/02/2019,17:16,Credit card,410.2,4.761904762,20.51,7.6
343-61-3544,B,Mandalay,Member,Male,Sports and travel,26.67,10,13.335,280.035,29/01/2019,11:48,Cash,266.7,4.761904762,13.335,8.6
355-34-6244,B,Mandalay,Normal,Male,Food and beverages,72.39,2,7.239,152.019,13/01/2019,19:55,Credit card,144.78,4.761904762,7.239,8.1
550-84-8664,A,Yangon,Normal,Male,Sports and travel,85.91,5,21.4775,451.0275,22/03/2019,14:33,Credit card,429.55,4.761904762,21.4775,8.6
339-96-8318,B,Mandalay,Member,Male,Fashion accessories,81.31,7,28.4585,597.6285,03/01/2019,19:49,Ewallet,569.17,4.761904762,28.4585,6.3
458-61-0011,B,Mandalay,Normal,Male,Food and beverages,60.3,4,12.06,253.26,20/02/2019,18:43,Cash,241.2,4.761904762,12.06,5.8
592-34-6155,C,Naypyitaw,Normal,Male,Food and beverages,31.77,4,6.354,133.434,14/01/2019,14:43,Ewallet,127.08,4.761904762,6.354,6.2
797-88-0493,A,Yangon,Normal,Female,Health and beauty,64.27,4,12.854,269.934,26/03/2019,13:54,Cash,257.08,4.761904762,12.854,7.7
207-73-1363,B,Mandalay,Normal,Male,Health and beauty,69.51,2,6.951,145.971,03/01/2019,12:15,Ewallet,139.02,4.761904762,6.951,8.1
443-82-0585,A,Yangon,Member,Female,Health and beauty,77.68,4,15.536,326.256,02/01/2019,19:54,Cash,310.72,4.761904762,15.536,8.4
339-18-7061,C,Naypyitaw,Member,Female,Fashion accessories,92.98,2,9.298,195.258,13/02/2019,15:06,Credit card,185.96,4.761904762,9.298,8
359-90-3665,B,Mandalay,Member,Female,Fashion accessories,18.08,4,3.616,75.936,14/01/2019,18:03,Credit card,72.32,4.761904762,3.616,9.5
375-72-3056,B,Mandalay,Normal,Male,Sports and travel,63.06,3,9.459,198.639,19/01/2019,15:58,Ewallet,189.18,4.761904762,9.459,7
278-86-2735,A,Yangon,Normal,Female,Food and beverages,52.34,3,7.851,164.871,27/03/2019,14:03,Cash,157.02,4.761904762,7.851,9.2
379-17-6588,C,Naypyitaw,Normal,Male,Fashion accessories,59.61,10,29.805,625.905,14/03/2019,11:07,Cash,596.1,4.761904762,29.805,5.3
302-15-2162,C,Naypyitaw,Member,Male,Health and beauty,46.53,6,13.959,293.139,03/03/2019,10:54,Credit card,279.18,4.761904762,13.959,4.3
788-07-8452,C,Naypyitaw,Member,Female,Home and lifestyle,24.24,7,8.484,178.164,27/01/2019,17:38,Ewallet,169.68,4.761904762,8.484,9.4
585-11-6748,B,Mandalay,Member,Male,Sports and travel,96.8,3,14.52,304.92,15/03/2019,13:05,Cash,290.4,4.761904762,14.52,5.3
470-31-3286,B,Mandalay,Normal,Male,Health and beauty,14.82,3,2.223,46.683,03/01/2019,11:30,Credit card,44.46,4.761904762,2.223,8.7
152-68-2907,A,Yangon,Normal,Male,Food and beverages,52.2,3,7.83,164.43,15/02/2019,13:30,Credit card,156.6,4.761904762,7.83,9.5
123-35-4896,C,Naypyitaw,Normal,Female,Sports and travel,46.66,9,20.997,440.937,17/02/2019,19:11,Ewallet,419.94,4.761904762,20.997,5.3
258-69-7810,C,Naypyitaw,Normal,Female,Fashion accessories,36.85,5,9.2125,193.4625,26/01/2019,18:53,Cash,184.25,4.761904762,9.2125,9.2
334-64-2006,A,Yangon,Member,Female,Home and lifestyle,70.32,2,7.032,147.672,24/03/2019,14:22,Ewallet,140.64,4.761904762,7.032,9.6
219-61-4139,C,Naypyitaw,Normal,Male,Electronic accessories,83.08,1,4.154,87.234,23/01/2019,17:16,Ewallet,83.08,4.761904762,4.154,6.4
881-41-7302,C,Naypyitaw,Normal,Female,Fashion accessories,64.99,1,3.2495,68.2395,26/01/2019,10:06,Credit card,64.99,4.761904762,3.2495,4.5
373-09-4567,C,Naypyitaw,Normal,Male,Food and beverages,77.56,10,38.78,814.38,14/03/2019,20:35,Ewallet,775.6,4.761904762,38.78,6.9
642-30-6693,B,Mandalay,Normal,Female,Sports and travel,54.51,6,16.353,343.413,17/03/2019,13:54,Ewallet,327.06,4.761904762,16.353,7.8
544-32-5024,C,Naypyitaw,Member,Female,Food and beverages,49.79,4,9.958,209.118,28/03/2019,19:16,Credit card,199.16,4.761904762,9.958,6.4
318-12-0304,A,Yangon,Normal,Male,Fashion accessories,30.61,1,1.5305,32.1405,23/01/2019,12:20,Ewallet,30.61,4.761904762,1.5305,5.2
349-97-8902,B,Mandalay,Member,Male,Food and beverages,57.89,2,5.789,121.569,17/01/2019,10:37,Ewallet,115.78,4.761904762,5.789,8.9
789-23-8625,B,Mandalay,Member,Male,Fashion accessories,93.22,3,13.983,293.643,24/01/2019,11:45,Cash,279.66,4.761904762,13.983,7.2
284-54-4231,C,Naypyitaw,Member,Male,Sports and travel,80.93,1,4.0465,84.9765,19/01/2019,16:08,Credit card,80.93,4.761904762,4.0465,9
443-59-0061,A,Yangon,Member,Male,Food and beverages,67.45,10,33.725,708.225,02/03/2019,11:25,Ewallet,674.5,4.761904762,33.725,4.2
509-29-3912,A,Yangon,Member,Female,Sports and travel,38.72,9,17.424,365.904,20/03/2019,12:24,Ewallet,348.48,4.761904762,17.424,4.2
327-40-9673,B,Mandalay,Member,Male,Sports and travel,72.6,6,21.78,457.38,13/01/2019,19:51,Cash,435.6,4.761904762,21.78,6.9
840-19-2096,C,Naypyitaw,Member,Male,Electronic accessories,87.91,5,21.9775,461.5275,14/03/2019,18:10,Ewallet,439.55,4.761904762,21.9775,4.4
828-46-6863,A,Yangon,Member,Male,Food and beverages,98.53,6,29.559,620.739,23/01/2019,11:22,Credit card,591.18,4.761904762,29.559,4
420-97-3340,A,Yangon,Normal,Female,Food and beverages,71.68,3,10.752,225.792,28/03/2019,15:30,Credit card,215.04,4.761904762,10.752,9.2
436-54-4512,A,Yangon,Member,Female,Food and beverages,91.61,1,4.5805,96.1905,20/03/2019,19:44,Cash,91.61,4.761904762,4.5805,9.8
670-79-6321,B,Mandalay,Member,Female,Home and lifestyle,94.59,7,33.1065,695.2365,17/01/2019,15:27,Credit card,662.13,4.761904762,33.1065,4.9
598-06-7312,B,Mandalay,Member,Male,Fashion accessories,91.35,1,4.5675,95.9175,16/02/2019,15:42,Cash,91.35,4.761904762,4.5675,6.8
135-13-8269,B,Mandalay,Member,Female,Food and beverages,78.88,2,7.888,165.648,26/01/2019,16:04,Cash,157.76,4.761904762,7.888,9.1
628-90-8624,B,Mandalay,Member,Male,Health and beauty,82.58,10,41.29,867.09,14/03/2019,14:41,Cash,825.8,4.761904762,41.29,5
856-66-2701,A,Yangon,Member,Male,Home and lifestyle,53.3,3,7.995,167.895,25/01/2019,14:19,Ewallet,159.9,4.761904762,7.995,7.5
308-39-1707,A,Yangon,Normal,Female,Fashion accessories,12.09,1,0.6045,12.6945,26/01/2019,18:19,Credit card,12.09,4.761904762,0.6045,8.2
149-61-1929,A,Yangon,Normal,Male,Sports and travel,64.19,10,32.095,673.995,19/01/2019,14:08,Credit card,641.9,4.761904762,32.095,6.7
589-02-8023,A,Yangon,Member,Male,Food and beverages,83.77,2,8.377,175.917,15/01/2019,10:54,Credit card,167.54,4.761904762,8.377,7
420-04-7590,B,Mandalay,Normal,Male,Home and lifestyle,99.7,3,14.955,314.055,18/03/2019,11:29,Ewallet,299.1,4.761904762,14.955,4.7
182-88-2763,B,Mandalay,Member,Male,Food and beverages,79.91,3,11.9865,251.7165,20/03/2019,19:28,Credit card,239.73,4.761904762,11.9865,5
188-55-0967,B,Mandalay,Member,Male,Health and beauty,66.47,10,33.235,697.935,15/01/2019,15:01,Credit card,664.7,4.761904762,33.235,5
610-46-4100,A,Yangon,Normal,Male,Health and beauty,28.95,7,10.1325,212.7825,03/03/2019,20:31,Credit card,202.65,4.761904762,10.1325,6
318-81-2368,C,Naypyitaw,Normal,Female,Electronic accessories,46.2,1,2.31,48.51,19/03/2019,12:16,Cash,46.2,4.761904762,2.31,6.3
665-63-9737,B,Mandalay,Normal,Male,Fashion accessories,52.42,3,7.863,165.123,27/02/2019,17:36,Ewallet,157.26,4.761904762,7.863,7.5
695-09-5146,B,Mandalay,Member,Female,Food and beverages,98.79,3,14.8185,311.1885,23/02/2019,20:00,Ewallet,296.37,4.761904762,14.8185,6.4
155-45-3814,C,Naypyitaw,Member,Female,Electronic accessories,88.55,8,35.42,743.82,19/03/2019,15:29,Ewallet,708.4,4.761904762,35.42,4.7
794-32-2436,B,Mandalay,Member,Male,Electronic accessories,55.67,2,5.567,116.907,27/03/2019,15:08,Ewallet,111.34,4.761904762,5.567,6
131-15-8856,C,Naypyitaw,Member,Female,Food and beverages,72.52,8,29.008,609.168,30/03/2019,19:26,Credit card,580.16,4.761904762,29.008,4
273-84-2164,C,Naypyitaw,Member,Male,Electronic accessories,12.05,5,3.0125,63.2625,16/02/2019,15:53,Ewallet,60.25,4.761904762,3.0125,5.5
706-36-6154,A,Yangon,Member,Male,Home and lifestyle,19.36,9,8.712,182.952,18/01/2019,18:43,Ewallet,174.24,4.761904762,8.712,8.7
778-89-7974,C,Naypyitaw,Normal,Male,Health and beauty,70.21,6,21.063,442.323,30/03/2019,14:58,Cash,421.26,4.761904762,21.063,7.4
574-31-8277,B,Mandalay,Member,Male,Fashion accessories,33.63,1,1.6815,35.3115,20/03/2019,19:55,Cash,33.63,4.761904762,1.6815,5.6
859-71-0933,C,Naypyitaw,Member,Female,Sports and travel,15.49,2,1.549,32.529,16/01/2019,15:10,Cash,30.98,4.761904762,1.549,6.3
740-11-5257,C,Naypyitaw,Normal,Male,Electronic accessories,24.74,10,12.37,259.77,24/02/2019,16:44,Cash,247.4,4.761904762,12.37,7.1
369-82-2676,B,Mandalay,Normal,Male,Electronic accessories,75.66,5,18.915,397.215,15/01/2019,18:22,Ewallet,378.3,4.761904762,18.915,7.8
563-47-4072,B,Mandalay,Normal,Female,Health and beauty,55.81,6,16.743,351.603,22/01/2019,11:52,Cash,334.86,4.761904762,16.743,9.9
742-04-5161,A,Yangon,Member,Male,Home and lifestyle,72.78,10,36.39,764.19,02/03/2019,17:24,Cash,727.8,4.761904762,36.39,7.3
133-77-3154,B,Mandalay,Member,Male,Fashion accessories,60.18,4,12.036,252.756,16/02/2019,18:04,Credit card,240.72,4.761904762,12.036,9.4
169-52-4504,A,Yangon,Normal,Female,Electronic accessories,15.69,3,2.3535,49.4235,14/03/2019,14:13,Credit card,47.07,4.761904762,2.3535,5.8
250-81-7186,C,Naypyitaw,Normal,Female,Electronic accessories,99.69,1,4.9845,104.6745,27/02/2019,10:23,Credit card,99.69,4.761904762,4.9845,8
562-12-5430,A,Yangon,Member,Female,Fashion accessories,88.15,3,13.2225,277.6725,18/01/2019,10:11,Ewallet,264.45,4.761904762,13.2225,7.9
816-72-8853,A,Yangon,Member,Female,Sports and travel,27.93,5,6.9825,146.6325,29/01/2019,15:48,Cash,139.65,4.761904762,6.9825,5.9
491-38-3499,A,Yangon,Member,Male,Fashion accessories,55.45,1,2.7725,58.2225,26/02/2019,17:46,Credit card,55.45,4.761904762,2.7725,4.9
322-02-2271,B,Mandalay,Normal,Female,Sports and travel,42.97,3,6.4455,135.3555,02/03/2019,11:46,Cash,128.91,4.761904762,6.4455,9.3
842-29-4695,C,Naypyitaw,Member,Male,Sports and travel,17.14,7,5.999,125.979,16/01/2019,12:07,Credit card,119.98,4.761904762,5.999,7.9
725-67-2480,B,Mandalay,Member,Female,Fashion accessories,58.75,6,17.625,370.125,24/03/2019,18:14,Credit card,352.5,4.761904762,17.625,5.9
714-02-3114,C,Naypyitaw,Normal,Female,Sports and travel,98.8,2,9.88,207.48,21/02/2019,11:39,Cash,197.6,4.761904762,9.88,7.7
779-42-2410,B,Mandalay,Member,Male,Food and beverages,57.74,3,8.661,181.881,20/02/2019,13:06,Ewallet,173.22,4.761904762,8.661,7.7
190-14-3147,B,Mandalay,Normal,Female,Health and beauty,17.97,4,3.594,75.474,23/02/2019,20:43,Ewallet,71.88,4.761904762,3.594,6.4
408-66-6712,C,Naypyitaw,Member,Female,Health and beauty,47.71,6,14.313,300.573,16/02/2019,14:19,Ewallet,286.26,4.761904762,14.313,4.4
679-22-6530,B,Mandalay,Normal,Female,Sports and travel,40.62,2,4.062,85.302,17/01/2019,10:01,Credit card,81.24,4.761904762,4.062,4.1
588-47-8641,A,Yangon,Member,Male,Fashion accessories,56.04,10,28.02,588.42,14/01/2019,19:30,Ewallet,560.4,4.761904762,28.02,4.4
642-61-4706,B,Mandalay,Member,Male,Food and beverages,93.4,2,9.34,196.14,30/03/2019,16:34,Cash,186.8,4.761904762,9.34,5.5
576-31-4774,B,Mandalay,Normal,Female,Health and beauty,73.41,3,11.0115,231.2415,03/02/2019,13:10,Ewallet,220.23,4.761904762,11.0115,4
556-41-6224,C,Naypyitaw,Normal,Male,Health and beauty,33.64,8,13.456,282.576,15/02/2019,17:10,Credit card,269.12,4.761904762,13.456,9.3
811-03-8790,A,Yangon,Normal,Female,Electronic accessories,45.48,10,22.74,477.54,03/01/2019,10:22,Credit card,454.8,4.761904762,22.74,4.8
242-11-3142,B,Mandalay,Member,Male,Fashion accessories,83.77,2,8.377,175.917,24/02/2019,19:57,Cash,167.54,4.761904762,8.377,4.6
752-23-3760,B,Mandalay,Member,Female,Sports and travel,64.08,7,22.428,470.988,19/02/2019,19:29,Credit card,448.56,4.761904762,22.428,7.3
274-05-5470,A,Yangon,Member,Female,Food and beverages,73.47,4,14.694,308.574,23/02/2019,18:30,Cash,293.88,4.761904762,14.694,6
320-85-2052,B,Mandalay,Normal,Female,Sports and travel,34.81,1,1.7405,36.5505,14/01/2019,10:11,Credit card,34.81,4.761904762,1.7405,7
105-10-6182,A,Yangon,Member,Male,Fashion accessories,21.48,2,2.148,45.108,27/02/2019,12:22,Ewallet,42.96,4.761904762,2.148,6.6
510-79-0415,B,Mandalay,Member,Female,Sports and travel,23.08,6,6.924,145.404,24/01/2019,19:20,Ewallet,138.48,4.761904762,6.924,4.9
648-83-1321,A,Yangon,Member,Male,Home and lifestyle,63.56,10,31.78,667.38,16/01/2019,17:59,Cash,635.6,4.761904762,31.78,4.3
173-57-2300,C,Naypyitaw,Member,Male,Sports and travel,72.88,2,7.288,153.048,13/03/2019,12:51,Cash,145.76,4.761904762,7.288,6.1
305-03-2383,A,Yangon,Normal,Female,Food and beverages,67.1,3,10.065,211.365,15/02/2019,10:36,Cash,201.3,4.761904762,10.065,7.5
394-55-6384,C,Naypyitaw,Member,Female,Sports and travel,70.19,9,31.5855,663.2955,25/01/2019,13:38,Cash,631.71,4.761904762,31.5855,6.7
372-62-5264,C,Naypyitaw,Normal,Female,Food and beverages,52.6,9,23.67,497.07,16/01/2019,14:42,Cash,473.4,4.761904762,23.67,7.6
800-09-8606,A,Yangon,Member,Female,Home and lifestyle,87.37,5,21.8425,458.6925,29/01/2019,19:45,Cash,436.85,4.761904762,21.8425,6.6
182-52-7000,A,Yangon,Member,Female,Sports and travel,27.04,4,5.408,113.568,01/01/2019,20:26,Ewallet,108.16,4.761904762,5.408,6.9
868-06-0466,A,Yangon,Member,Male,Electronic accessories,69.58,9,31.311,657.531,19/02/2019,19:38,Credit card,626.22,4.761904762,31.311,7.8
176-64-7711,B,Mandalay,Normal,Male,Food and beverages,32.32,3,4.848,101.808,27/03/2019,19:11,Credit card,96.96,4.761904762,4.848,4.3
191-29-0321,B,Mandalay,Member,Female,Fashion accessories,19.77,10,9.885,207.585,27/02/2019,18:57,Credit card,197.7,4.761904762,9.885,5
640-48-5028,B,Mandalay,Member,Female,Home and lifestyle,88.39,9,39.7755,835.2855,03/02/2019,12:40,Cash,795.51,4.761904762,39.7755,6.3
186-79-9562,B,Mandalay,Normal,Male,Health and beauty,71.77,7,25.1195,527.5095,29/03/2019,14:06,Cash,502.39,4.761904762,25.1195,8.9
834-45-5519,B,Mandalay,Normal,Female,Electronic accessories,43,4,8.6,180.6,31/01/2019,20:48,Ewallet,172,4.761904762,8.6,7.6
162-65-8559,C,Naypyitaw,Member,Male,Food and beverages,68.98,1,3.449,72.429,21/01/2019,20:13,Cash,68.98,4.761904762,3.449,4.8
760-27-5490,C,Naypyitaw,Normal,Male,Fashion accessories,15.62,8,6.248,131.208,20/01/2019,20:37,Ewallet,124.96,4.761904762,6.248,9.1
445-30-9252,A,Yangon,Normal,Male,Sports and travel,25.7,3,3.855,80.955,17/01/2019,17:59,Ewallet,77.1,4.761904762,3.855,6.1
786-94-2700,A,Yangon,Member,Male,Food and beverages,80.62,6,24.186,507.906,28/02/2019,20:18,Cash,483.72,4.761904762,24.186,9.1
728-88-7867,C,Naypyitaw,Member,Female,Home and lifestyle,75.53,4,15.106,317.226,19/03/2019,15:52,Ewallet,302.12,4.761904762,15.106,8.3
183-21-3799,C,Naypyitaw,Normal,Female,Electronic accessories,77.63,9,34.9335,733.6035,19/02/2019,15:14,Ewallet,698.67,4.761904762,34.9335,7.2
735-32-9839,C,Naypyitaw,Member,Male,Fashion accessories,98.7,8,39.48,829.08,31/01/2019,10:36,Ewallet,789.6,4.761904762,39.48,8.5
857-16-3520,A,Yangon,Member,Female,Fashion accessories,71.46,7,25.011,525.231,28/03/2019,16:06,Ewallet,500.22,4.761904762,25.011,4.5
482-17-1179,A,Yangon,Member,Male,Electronic accessories,11.94,3,1.791,37.611,19/01/2019,12:47,Credit card,35.82,4.761904762,1.791,8.1
788-21-5741,A,Yangon,Normal,Male,Fashion accessories,45.38,3,6.807,142.947,17/02/2019,13:34,Credit card,136.14,4.761904762,6.807,7.2
821-14-9046,B,Mandalay,Member,Female,Fashion accessories,17.48,6,5.244,110.124,18/01/2019,15:04,Credit card,104.88,4.761904762,5.244,6.1
418-05-0656,B,Mandalay,Normal,Female,Fashion accessories,25.56,7,8.946,187.866,02/02/2019,20:42,Cash,178.92,4.761904762,8.946,7.1
678-79-0726,C,Naypyitaw,Member,Female,Sports and travel,90.63,9,40.7835,856.4535,18/01/2019,15:28,Cash,815.67,4.761904762,40.7835,5.1
776-68-1096,B,Mandalay,Normal,Male,Home and lifestyle,44.12,3,6.618,138.978,18/03/2019,13:45,Credit card,132.36,4.761904762,6.618,7.9
210-74-9613,C,Naypyitaw,Normal,Male,Fashion accessories,97.26,4,19.452,408.492,16/03/2019,15:33,Ewallet,389.04,4.761904762,19.452,6.8
247-11-2470,A,Yangon,Member,Female,Fashion accessories,22.32,4,4.464,93.744,03/01/2019,16:23,Credit card,89.28,4.761904762,4.464,4.4
635-28-5728,A,Yangon,Normal,Male,Health and beauty,56,3,8.4,176.4,28/02/2019,19:33,Ewallet,168,4.761904762,8.4,4.8
438-23-1242,B,Mandalay,Normal,Male,Electronic accessories,75.88,7,26.558,557.718,24/01/2019,10:38,Ewallet,531.16,4.761904762,26.558,8.9
238-45-6950,B,Mandalay,Member,Male,Food and beverages,53.72,1,2.686,56.406,03/01/2019,20:03,Ewallet,53.72,4.761904762,2.686,6.4
386-27-7606,C,Naypyitaw,Member,Female,Home and lifestyle,81.2,7,28.42,596.82,23/03/2019,15:59,Credit card,568.4,4.761904762,28.42,8.1
137-63-5492,C,Naypyitaw,Normal,Male,Electronic accessories,58.76,10,29.38,616.98,29/01/2019,14:26,Ewallet,587.6,4.761904762,29.38,9
805-86-0265,A,Yangon,Normal,Male,Home and lifestyle,93.96,9,42.282,887.922,20/03/2019,11:32,Cash,845.64,4.761904762,42.282,9.8
733-29-1227,C,Naypyitaw,Normal,Male,Home and lifestyle,55.61,7,19.4635,408.7335,23/03/2019,12:41,Cash,389.27,4.761904762,19.4635,8.5
451-73-2711,C,Naypyitaw,Normal,Male,Food and beverages,84.83,1,4.2415,89.0715,14/01/2019,15:20,Ewallet,84.83,4.761904762,4.2415,8.8
546-80-2899,A,Yangon,Member,Male,Home and lifestyle,37.69,2,3.769,79.149,20/02/2019,15:29,Ewallet,75.38,4.761904762,3.769,9.5
345-68-9016,C,Naypyitaw,Member,Female,Sports and travel,31.67,8,12.668,266.028,01/02/2019,16:19,Credit card,253.36,4.761904762,12.668,5.6
390-17-5806,C,Naypyitaw,Member,Female,Food and beverages,38.42,1,1.921,40.341,02/02/2019,16:33,Cash,38.42,4.761904762,1.921,8.6
664-14-2882,C,Naypyitaw,Member,Female,Home and lifestyle,10.53,5,2.6325,55.2825,30/01/2019,14:43,Credit card,52.65,4.761904762,2.6325,5.8
487-79-6868,B,Mandalay,Member,Female,Home and lifestyle,12.29,9,5.5305,116.1405,26/03/2019,19:28,Credit card,110.61,4.761904762,5.5305,8
314-23-4520,C,Naypyitaw,Member,Male,Health and beauty,81.23,7,28.4305,597.0405,15/01/2019,20:44,Cash,568.61,4.761904762,28.4305,9
210-30-7976,B,Mandalay,Member,Female,Fashion accessories,22.32,4,4.464,93.744,14/03/2019,11:16,Ewallet,89.28,4.761904762,4.464,4.1
585-86-8361,A,Yangon,Normal,Female,Food and beverages,27.28,5,6.82,143.22,02/03/2019,10:31,Credit card,136.4,4.761904762,6.82,8.6
807-14-7833,A,Yangon,Member,Female,Electronic accessories,17.42,10,8.71,182.91,22/02/2019,12:30,Ewallet,174.2,4.761904762,8.71,7
775-72-1988,B,Mandalay,Normal,Male,Home and lifestyle,73.28,5,18.32,384.72,24/01/2019,15:05,Ewallet,366.4,4.761904762,18.32,8.4
288-38-3758,C,Naypyitaw,Member,Female,Fashion accessories,84.87,3,12.7305,267.3405,25/01/2019,18:30,Ewallet,254.61,4.761904762,12.7305,7.4
785-96-0615,B,Mandalay,Member,Female,Electronic accessories,35.74,8,14.296,300.216,17/02/2019,15:28,Ewallet,285.92,4.761904762,14.296,4.9
250-17-5703,A,Yangon,Member,Male,Food and beverages,18.85,10,9.425,197.925,27/02/2019,18:24,Ewallet,188.5,4.761904762,9.425,5.6
156-95-3964,A,Yangon,Normal,Female,Food and beverages,55.39,4,11.078,232.638,25/03/2019,15:19,Ewallet,221.56,4.761904762,11.078,8
525-09-8450,B,Mandalay,Normal,Male,Electronic accessories,72.13,10,36.065,757.365,31/01/2019,15:12,Credit card,721.3,4.761904762,36.065,4.2
410-67-1709,A,Yangon,Member,Female,Fashion accessories,63.88,8,25.552,536.592,20/01/2019,17:48,Ewallet,511.04,4.761904762,25.552,9.9
587-73-4862,A,Yangon,Member,Female,Health and beauty,10.69,5,2.6725,56.1225,26/03/2019,11:07,Ewallet,53.45,4.761904762,2.6725,7.6
787-87-2010,A,Yangon,Member,Male,Health and beauty,55.5,4,11.1,233.1,20/01/2019,15:48,Credit card,222,4.761904762,11.1,6.6
388-76-2555,B,Mandalay,Normal,Male,Sports and travel,13.69,6,4.107,86.247,13/02/2019,13:59,Cash,82.14,4.761904762,4.107,6.3
711-31-1234,B,Mandalay,Normal,Female,Electronic accessories,95.64,4,19.128,401.688,16/03/2019,18:51,Cash,382.56,4.761904762,19.128,7.9
886-54-6089,A,Yangon,Normal,Female,Home and lifestyle,11.43,6,3.429,72.009,15/01/2019,17:24,Cash,68.58,4.761904762,3.429,7.7
707-32-7409,B,Mandalay,Member,Female,Sports and travel,95.54,4,19.108,401.268,26/02/2019,11:58,Ewallet,382.16,4.761904762,19.108,4.5
759-98-4285,C,Naypyitaw,Member,Female,Health and beauty,85.87,7,30.0545,631.1445,27/02/2019,19:01,Credit card,601.09,4.761904762,30.0545,8
201-63-8275,C,Naypyitaw,Member,Female,Sports and travel,67.99,7,23.7965,499.7265,17/02/2019,16:50,Ewallet,475.93,4.761904762,23.7965,5.7
200-16-5952,C,Naypyitaw,Member,Male,Food and beverages,65.65,2,6.565,137.865,17/01/2019,16:46,Cash,131.3,4.761904762,6.565,6
120-54-2248,B,Mandalay,Normal,Female,Food and beverages,28.86,5,7.215,151.515,22/01/2019,18:08,Credit card,144.3,4.761904762,7.215,8
875-31-8302,B,Mandalay,Normal,Male,Sports and travel,93.38,1,4.669,98.049,01/03/2019,13:07,Cash,93.38,4.761904762,4.669,9.6
102-06-2002,C,Naypyitaw,Member,Male,Sports and travel,25.25,5,6.3125,132.5625,20/03/2019,17:52,Cash,126.25,4.761904762,6.3125,6.1
457-94-0464,B,Mandalay,Member,Male,Electronic accessories,87.87,9,39.5415,830.3715,31/01/2019,20:32,Ewallet,790.83,4.761904762,39.5415,5.6
629-42-4133,C,Naypyitaw,Normal,Male,Health and beauty,21.8,8,8.72,183.12,19/02/2019,19:24,Cash,174.4,4.761904762,8.72,8.3
468-99-7231,C,Naypyitaw,Normal,Female,Home and lifestyle,44.01,8,17.604,369.684,03/03/2019,17:36,Cash,352.08,4.761904762,17.604,8.8
516-77-6464,C,Naypyitaw,Member,Female,Health and beauty,10.16,5,2.54,53.34,24/02/2019,13:08,Ewallet,50.8,4.761904762,2.54,4.1
886-77-9084,C,Naypyitaw,Normal,Male,Electronic accessories,71.89,8,28.756,603.876,19/02/2019,11:33,Ewallet,575.12,4.761904762,28.756,5.5
790-38-4466,C,Naypyitaw,Normal,Female,Health and beauty,10.99,5,2.7475,57.6975,23/01/2019,10:18,Credit card,54.95,4.761904762,2.7475,9.3
704-10-4056,C,Naypyitaw,Member,Male,Health and beauty,60.47,3,9.0705,190.4805,14/01/2019,10:55,Credit card,181.41,4.761904762,9.0705,5.6
497-37-6538,A,Yangon,Normal,Male,Sports and travel,58.91,7,20.6185,432.9885,17/01/2019,15:15,Ewallet,412.37,4.761904762,20.6185,9.7
651-96-5970,A,Yangon,Normal,Male,Fashion accessories,46.41,1,2.3205,48.7305,03/03/2019,20:06,Credit card,46.41,4.761904762,2.3205,4
400-80-4065,C,Naypyitaw,Member,Male,Health and beauty,68.55,4,13.71,287.91,15/02/2019,20:21,Credit card,274.2,4.761904762,13.71,9.2
744-16-7898,B,Mandalay,Normal,Female,Home and lifestyle,97.37,10,48.685,1022.385,15/01/2019,13:48,Credit card,973.7,4.761904762,48.685,4.9
263-12-5321,A,Yangon,Member,Male,Electronic accessories,92.6,7,32.41,680.61,27/02/2019,12:52,Credit card,648.2,4.761904762,32.41,9.3
702-72-0487,A,Yangon,Normal,Female,Electronic accessories,46.61,2,4.661,97.881,26/02/2019,12:28,Credit card,93.22,4.761904762,4.661,6.6
605-83-1050,B,Mandalay,Normal,Male,Fashion accessories,27.18,2,2.718,57.078,15/03/2019,16:26,Ewallet,54.36,4.761904762,2.718,4.3
443-60-9639,C,Naypyitaw,Member,Female,Home and lifestyle,60.87,1,3.0435,63.9135,24/01/2019,13:24,Cash,60.87,4.761904762,3.0435,5.5
864-24-7918,A,Yangon,Member,Female,Sports and travel,24.49,10,12.245,257.145,22/02/2019,15:15,Cash,244.9,4.761904762,12.245,8.1
359-94-5395,B,Mandalay,Normal,Male,Health and beauty,92.78,1,4.639,97.419,15/03/2019,10:50,Credit card,92.78,4.761904762,4.639,9.8
324-41-6833,C,Naypyitaw,Member,Female,Electronic accessories,30.2,8,12.08,253.68,03/03/2019,19:30,Ewallet,241.6,4.761904762,12.08,5.1
474-33-8305,C,Naypyitaw,Member,Male,Fashion accessories,67.39,7,23.5865,495.3165,23/03/2019,13:23,Ewallet,471.73,4.761904762,23.5865,6.9
831-81-6575,B,Mandalay,Member,Female,Electronic accessories,75.59,9,34.0155,714.3255,23/02/2019,11:12,Cash,680.31,4.761904762,34.0155,8
220-68-6701,A,Yangon,Normal,Female,Home and lifestyle,77.47,4,15.494,325.374,17/03/2019,16:36,Cash,309.88,4.761904762,15.494,4.2
618-34-8551,A,Yangon,Normal,Female,Sports and travel,93.18,2,9.318,195.678,16/01/2019,18:41,Credit card,186.36,4.761904762,9.318,8.5
559-61-5987,B,Mandalay,Normal,Female,Health and beauty,17.75,1,0.8875,18.6375,14/01/2019,10:38,Cash,17.75,4.761904762,0.8875,8.6
189-55-2313,C,Naypyitaw,Normal,Female,Fashion accessories,62.18,10,31.09,652.89,31/01/2019,10:33,Ewallet,621.8,4.761904762,31.09,6
565-91-4567,B,Mandalay,Normal,Male,Health and beauty,10.75,8,4.3,90.3,15/03/2019,14:38,Ewallet,86,4.761904762,4.3,6.2
380-60-5336,A,Yangon,Normal,Female,Electronic accessories,40.26,10,20.13,422.73,24/02/2019,18:06,Credit card,402.6,4.761904762,20.13,5
674-56-6360,A,Yangon,Normal,Male,Electronic accessories,95.15,1,4.7575,99.9075,22/03/2019,14:00,Cash,95.15,4.761904762,4.7575,6
778-34-2523,A,Yangon,Member,Female,Electronic accessories,48.62,8,19.448,408.408,24/01/2019,10:57,Cash,388.96,4.761904762,19.448,5
499-27-7781,B,Mandalay,Normal,Female,Food and beverages,53.21,8,21.284,446.964,14/03/2019,16:45,Ewallet,425.68,4.761904762,21.284,5
477-59-2456,C,Naypyitaw,Normal,Female,Fashion accessories,45.44,7,15.904,333.984,23/01/2019,11:15,Cash,318.08,4.761904762,15.904,9.2
832-51-6761,A,Yangon,Normal,Male,Food and beverages,33.88,8,13.552,284.592,19/01/2019,20:29,Ewallet,271.04,4.761904762,13.552,9.6
869-11-3082,B,Mandalay,Member,Male,Health and beauty,96.16,4,19.232,403.872,27/01/2019,20:03,Credit card,384.64,4.761904762,19.232,8.4
190-59-3964,B,Mandalay,Member,Male,Food and beverages,47.16,5,11.79,247.59,02/03/2019,14:35,Credit card,235.8,4.761904762,11.79,6
366-43-6862,B,Mandalay,Normal,Male,Electronic accessories,52.89,4,10.578,222.138,25/03/2019,16:32,Ewallet,211.56,4.761904762,10.578,6.7
186-43-8965,A,Yangon,Member,Female,Home and lifestyle,47.68,2,4.768,100.128,24/02/2019,10:10,Credit card,95.36,4.761904762,4.768,4.1
109-86-4363,B,Mandalay,Member,Female,Sports and travel,60.08,7,21.028,441.588,14/02/2019,11:36,Credit card,420.56,4.761904762,21.028,4.5
569-76-2760,A,Yangon,Member,Female,Sports and travel,22.01,4,4.402,92.442,29/01/2019,18:15,Credit card,88.04,4.761904762,4.402,6.6
222-42-0244,B,Mandalay,Member,Female,Health and beauty,72.11,9,32.4495,681.4395,28/01/2019,13:53,Credit card,648.99,4.761904762,32.4495,7.7
760-53-9233,A,Yangon,Member,Male,Fashion accessories,41.28,3,6.192,130.032,26/03/2019,18:37,Credit card,123.84,4.761904762,6.192,8.5
538-22-0304,C,Naypyitaw,Normal,Male,Electronic accessories,64.95,10,32.475,681.975,24/03/2019,18:27,Cash,649.5,4.761904762,32.475,5.2
416-17-9926,A,Yangon,Member,Female,Electronic accessories,74.22,10,37.11,779.31,01/01/2019,14:42,Credit card,742.2,4.761904762,37.11,4.3
237-44-6163,A,Yangon,Normal,Male,Electronic accessories,10.56,8,4.224,88.704,24/01/2019,17:43,Cash,84.48,4.761904762,4.224,7.6
636-17-0325,B,Mandalay,Normal,Male,Health and beauty,62.57,4,12.514,262.794,25/02/2019,18:37,Cash,250.28,4.761904762,12.514,9.5
528-14-9470,A,Yangon,Member,Male,Health and beauty,91.3,1,4.565,95.865,14/02/2019,14:42,Ewallet,91.3,4.761904762,4.565,9.2
807-34-3742,A,Yangon,Normal,Male,Fashion accessories,52.38,1,2.619,54.999,26/03/2019,19:44,Cash,52.38,4.761904762,2.619,5.8
670-71-7306,B,Mandalay,Normal,Male,Sports and travel,44.63,6,13.389,281.169,01/02/2019,20:08,Credit card,267.78,4.761904762,13.389,5.1
660-29-7083,C,Naypyitaw,Normal,Male,Electronic accessories,55.87,10,27.935,586.635,15/01/2019,15:01,Cash,558.7,4.761904762,27.935,5.8
271-77-8740,C,Naypyitaw,Member,Female,Sports and travel,29.22,6,8.766,184.086,01/01/2019,11:40,Ewallet,175.32,4.761904762,8.766,5
497-36-0989,A,Yangon,Normal,Male,Fashion accessories,51.94,3,7.791,163.611,15/02/2019,15:21,Cash,155.82,4.761904762,7.791,7.9
291-59-1384,B,Mandalay,Normal,Male,Electronic accessories,60.3,1,3.015,63.315,28/02/2019,17:38,Cash,60.3,4.761904762,3.015,6
860-73-6466,A,Yangon,Member,Female,Sports and travel,39.47,2,3.947,82.887,03/02/2019,16:16,Credit card,78.94,4.761904762,3.947,5
549-23-9016,C,Naypyitaw,Member,Female,Food and beverages,14.87,2,1.487,31.227,13/02/2019,18:15,Credit card,29.74,4.761904762,1.487,8.9
896-34-0956,A,Yangon,Normal,Male,Fashion accessories,21.32,1,1.066,22.386,26/01/2019,12:43,Cash,21.32,4.761904762,1.066,5.9
804-38-3935,A,Yangon,Member,Male,Electronic accessories,93.78,3,14.067,295.407,30/01/2019,11:32,Credit card,281.34,4.761904762,14.067,5.9
585-90-0249,A,Yangon,Member,Male,Electronic accessories,73.26,1,3.663,76.923,27/01/2019,18:08,Ewallet,73.26,4.761904762,3.663,9.7
862-29-5914,C,Naypyitaw,Normal,Female,Sports and travel,22.38,1,1.119,23.499,30/01/2019,17:08,Credit card,22.38,4.761904762,1.119,8.6
125-45-2293,A,Yangon,Normal,Female,Fashion accessories,99.1,6,29.73,624.33,19/01/2019,13:11,Cash,594.6,4.761904762,29.73,4.2
843-73-4724,A,Yangon,Normal,Male,Fashion accessories,74.1,1,3.705,77.805,25/01/2019,11:05,Cash,74.1,4.761904762,3.705,9.2
409-33-9708,A,Yangon,Normal,Female,Fashion accessories,98.48,2,9.848,206.808,19/02/2019,10:12,Ewallet,196.96,4.761904762,9.848,9.2
658-66-3967,C,Naypyitaw,Normal,Male,Health and beauty,53.19,7,18.6165,390.9465,14/01/2019,15:42,Ewallet,372.33,4.761904762,18.6165,5
866-70-2814,B,Mandalay,Normal,Female,Electronic accessories,52.79,10,26.395,554.295,25/02/2019,11:58,Ewallet,527.9,4.761904762,26.395,10
160-22-2687,A,Yangon,Member,Female,Health and beauty,95.95,5,23.9875,503.7375,23/01/2019,14:21,Ewallet,479.75,4.761904762,23.9875,8.8
895-03-6665,B,Mandalay,Normal,Female,Fashion accessories,36.51,9,16.4295,345.0195,16/02/2019,10:52,Cash,328.59,4.761904762,16.4295,4.2
770-42-8960,B,Mandalay,Normal,Male,Food and beverages,21.12,8,8.448,177.408,01/01/2019,19:31,Cash,168.96,4.761904762,8.448,6.3
234-36-2483,B,Mandalay,Normal,Male,Health and beauty,57.59,6,17.277,362.817,15/02/2019,13:51,Cash,345.54,4.761904762,17.277,5.1
316-66-3011,A,Yangon,Member,Female,Food and beverages,47.63,9,21.4335,450.1035,23/01/2019,12:35,Cash,428.67,4.761904762,21.4335,5
848-95-6252,C,Naypyitaw,Member,Female,Home and lifestyle,86.27,1,4.3135,90.5835,20/02/2019,13:24,Ewallet,86.27,4.761904762,4.3135,7
152-03-4217,B,Mandalay,Normal,Female,Home and lifestyle,11.28,9,5.076,106.596,17/03/2019,11:55,Credit card,101.52,4.761904762,5.076,4.3
176-78-1170,C,Naypyitaw,Member,Male,Health and beauty,33.81,3,5.0715,106.5015,26/01/2019,15:11,Ewallet,101.43,4.761904762,5.0715,7.3
361-59-0574,B,Mandalay,Member,Male,Sports and travel,90.53,8,36.212,760.452,15/03/2019,14:48,Credit card,724.24,4.761904762,36.212,6.5
101-81-4070,C,Naypyitaw,Member,Female,Health and beauty,62.82,2,6.282,131.922,17/01/2019,12:36,Ewallet,125.64,4.761904762,6.282,4.9
873-14-6353,A,Yangon,Member,Male,Food and beverages,24.82,7,8.687,182.427,16/02/2019,10:33,Credit card,173.74,4.761904762,8.687,7.1
584-66-4073,C,Naypyitaw,Normal,Male,Fashion accessories,56.5,1,2.825,59.325,13/03/2019,15:45,Ewallet,56.5,4.761904762,2.825,9.6
544-55-9589,B,Mandalay,Member,Female,Electronic accessories,21.43,10,10.715,225.015,28/01/2019,11:51,Cash,214.3,4.761904762,10.715,6.2
166-19-2553,A,Yangon,Member,Male,Sports and travel,89.06,6,26.718,561.078,18/01/2019,17:26,Cash,534.36,4.761904762,26.718,9.9
737-88-5876,A,Yangon,Member,Male,Home and lifestyle,23.29,4,4.658,97.818,19/03/2019,11:52,Credit card,93.16,4.761904762,4.658,5.9
154-87-7367,C,Naypyitaw,Normal,Male,Home and lifestyle,65.26,8,26.104,548.184,15/03/2019,14:04,Ewallet,522.08,4.761904762,26.104,6.3
608-05-3804,B,Mandalay,Member,Male,Electronic accessories,39.75,1,1.9875,41.7375,25/02/2019,20:19,Cash,39.75,4.761904762,1.9875,6.1
448-61-3783,A,Yangon,Normal,Female,Electronic accessories,90.02,8,36.008,756.168,21/03/2019,16:08,Credit card,720.16,4.761904762,36.008,4.5
761-49-0439,B,Mandalay,Member,Female,Electronic accessories,12.1,8,4.84,101.64,19/01/2019,10:17,Ewallet,96.8,4.761904762,4.84,8.6
115-38-7388,C,Naypyitaw,Member,Female,Fashion accessories,10.18,8,4.072,85.512,30/03/2019,12:51,Credit card,81.44,4.761904762,4.072,9.5
311-13-6971,B,Mandalay,Member,Male,Sports and travel,31.99,10,15.995,335.895,20/02/2019,15:18,Credit card,319.9,4.761904762,15.995,9.9
291-55-6563,A,Yangon,Member,Female,Home and lifestyle,34.42,6,10.326,216.846,30/03/2019,12:45,Ewallet,206.52,4.761904762,10.326,7.5
548-48-3156,A,Yangon,Member,Female,Food and beverages,83.34,2,8.334,175.014,19/03/2019,13:37,Cash,166.68,4.761904762,8.334,7.6
460-93-5834,A,Yangon,Normal,Male,Sports and travel,45.58,7,15.953,335.013,13/01/2019,10:03,Cash,319.06,4.761904762,15.953,5
884-80-6021,A,Yangon,Member,Female,Electronic accessories,73.47,10,36.735,771.435,23/03/2019,13:14,Ewallet,734.7,4.761904762,36.735,9.5
137-74-8729,C,Naypyitaw,Normal,Female,Fashion accessories,12.19,8,4.876,102.396,13/03/2019,12:47,Ewallet,97.52,4.761904762,4.876,6.8
880-46-5796,A,Yangon,Member,Male,Sports and travel,76.92,10,38.46,807.66,17/03/2019,19:53,Ewallet,769.2,4.761904762,38.46,5.6
389-70-2397,C,Naypyitaw,Normal,Female,Health and beauty,83.66,5,20.915,439.215,21/02/2019,10:26,Cash,418.3,4.761904762,20.915,7.2
607-76-6216,C,Naypyitaw,Member,Female,Fashion accessories,92.49,5,23.1225,485.5725,03/02/2019,16:35,Credit card,462.45,4.761904762,23.1225,8.6
699-88-1972,B,Mandalay,Normal,Male,Health and beauty,99.16,8,39.664,832.944,28/01/2019,17:47,Credit card,793.28,4.761904762,39.664,4.2
781-84-8059,C,Naypyitaw,Normal,Male,Fashion accessories,60.74,7,21.259,446.439,18/01/2019,16:23,Ewallet,425.18,4.761904762,21.259,5
725-54-0677,C,Naypyitaw,Member,Male,Health and beauty,85.6,7,29.96,629.16,03/02/2019,13:50,Cash,599.2,4.761904762,29.96,5.3
377-79-7592,C,Naypyitaw,Member,Female,Electronic accessories,44.84,9,20.178,423.738,14/01/2019,14:00,Credit card,403.56,4.761904762,20.178,7.5
595-94-9924,A,Yangon,Member,Female,Health and beauty,27.73,5,6.9325,145.5825,26/03/2019,20:21,Credit card,138.65,4.761904762,6.9325,4.2
865-41-9075,A,Yangon,Normal,Male,Food and beverages,11.53,7,4.0355,84.7455,28/01/2019,17:35,Cash,80.71,4.761904762,4.0355,8.1
545-07-8534,C,Naypyitaw,Normal,Female,Health and beauty,58.32,2,5.832,122.472,14/02/2019,12:42,Ewallet,116.64,4.761904762,5.832,6
118-62-1812,C,Naypyitaw,Member,Female,Home and lifestyle,78.38,4,15.676,329.196,24/03/2019,17:56,Cash,313.52,4.761904762,15.676,7.9
851-98-3555,B,Mandalay,Normal,Female,Health and beauty,82.88,5,20.72,435.12,24/03/2019,14:08,Credit card,414.4,4.761904762,20.72,6.6
186-71-5196,A,Yangon,Member,Female,Food and beverages,79.54,2,7.954,167.034,27/03/2019,16:30,Ewallet,159.08,4.761904762,7.954,6.2
624-01-8356,B,Mandalay,Normal,Female,Home and lifestyle,49.01,10,24.505,514.605,27/01/2019,10:44,Credit card,490.1,4.761904762,24.505,4.2
313-66-9943,B,Mandalay,Member,Female,Food and beverages,29.15,3,4.3725,91.8225,27/03/2019,20:29,Credit card,87.45,4.761904762,4.3725,7.3
151-27-8496,C,Naypyitaw,Normal,Female,Electronic accessories,56.13,4,11.226,235.746,19/01/2019,11:43,Ewallet,224.52,4.761904762,11.226,8.6
522-57-8364,A,Yangon,Member,Male,Fashion accessories,51.34,8,20.536,431.256,31/01/2019,10:00,Ewallet,410.72,4.761904762,20.536,7.6
459-45-2396,A,Yangon,Member,Female,Food and beverages,99.6,3,14.94,313.74,25/02/2019,18:45,Cash,298.8,4.761904762,14.94,5.8
717-96-4189,C,Naypyitaw,Normal,Female,Electronic accessories,35.49,6,10.647,223.587,02/02/2019,12:40,Cash,212.94,4.761904762,10.647,4.1
722-13-2115,C,Naypyitaw,Member,Male,Sports and travel,42.85,1,2.1425,44.9925,14/03/2019,15:36,Credit card,42.85,4.761904762,2.1425,9.3
777-67-2495,B,Mandalay,Normal,Male,Home and lifestyle,68.97,3,10.3455,217.2555,22/02/2019,11:26,Ewallet,206.91,4.761904762,10.3455,8.7
636-98-3364,B,Mandalay,Member,Female,Electronic accessories,26.26,3,3.939,82.719,03/02/2019,12:36,Ewallet,78.78,4.761904762,3.939,6.3
838-02-1821,C,Naypyitaw,Member,Female,Home and lifestyle,12.73,2,1.273,26.733,22/02/2019,12:10,Credit card,25.46,4.761904762,1.273,5.2
457-12-0244,C,Naypyitaw,Member,Female,Sports and travel,35.22,6,10.566,221.886,14/03/2019,13:49,Ewallet,211.32,4.761904762,10.566,6.5
321-49-7382,B,Mandalay,Member,Male,Sports and travel,88.31,1,4.4155,92.7255,15/02/2019,17:38,Credit card,88.31,4.761904762,4.4155,5.2
397-25-8725,A,Yangon,Member,Female,Health and beauty,39.62,9,17.829,374.409,13/01/2019,17:54,Credit card,356.58,4.761904762,17.829,6.8
431-66-2305,B,Mandalay,Normal,Female,Electronic accessories,88.25,9,39.7125,833.9625,15/02/2019,20:51,Credit card,794.25,4.761904762,39.7125,7.6
825-94-5922,B,Mandalay,Normal,Male,Sports and travel,25.31,2,2.531,53.151,03/02/2019,19:26,Ewallet,50.62,4.761904762,2.531,7.2
641-62-7288,B,Mandalay,Normal,Male,Home and lifestyle,99.92,6,29.976,629.496,24/03/2019,13:33,Ewallet,599.52,4.761904762,29.976,7.1
756-93-1854,C,Naypyitaw,Member,Female,Fashion accessories,83.35,2,8.335,175.035,02/02/2019,14:05,Credit card,166.7,4.761904762,8.335,9.5
243-55-8457,A,Yangon,Normal,Female,Food and beverages,74.44,10,37.22,781.62,27/02/2019,11:40,Ewallet,744.4,4.761904762,37.22,5.1
458-10-8612,C,Naypyitaw,Normal,Male,Health and beauty,64.08,7,22.428,470.988,20/01/2019,12:27,Ewallet,448.56,4.761904762,22.428,7.6
501-61-1753,B,Mandalay,Normal,Female,Home and lifestyle,63.15,6,18.945,397.845,01/03/2019,20:24,Ewallet,378.9,4.761904762,18.945,9.8
235-06-8510,C,Naypyitaw,Member,Male,Home and lifestyle,85.72,3,12.858,270.018,24/01/2019,20:59,Ewallet,257.16,4.761904762,12.858,5.1
361-85-2571,A,Yangon,Normal,Female,Sports and travel,89.48,5,22.37,469.77,30/03/2019,10:18,Cash,447.4,4.761904762,22.37,7.4
131-70-8179,A,Yangon,Member,Female,Health and beauty,92.09,3,13.8135,290.0835,17/02/2019,16:27,Cash,276.27,4.761904762,13.8135,4.2
500-02-2261,C,Naypyitaw,Normal,Female,Food and beverages,57.29,6,17.187,360.927,21/03/2019,17:04,Ewallet,343.74,4.761904762,17.187,5.9
720-72-2436,A,Yangon,Normal,Male,Food and beverages,66.52,4,13.304,279.384,03/02/2019,18:14,Ewallet,266.08,4.761904762,13.304,6.9
702-83-5291,C,Naypyitaw,Member,Male,Fashion accessories,99.82,9,44.919,943.299,27/03/2019,10:43,Cash,898.38,4.761904762,44.919,6.6
809-69-9497,A,Yangon,Normal,Female,Home and lifestyle,45.68,10,22.84,479.64,19/01/2019,19:30,Ewallet,456.8,4.761904762,22.84,5.7
449-16-6770,A,Yangon,Normal,Male,Health and beauty,50.79,5,12.6975,266.6475,19/02/2019,14:53,Credit card,253.95,4.761904762,12.6975,5.3
333-23-2632,A,Yangon,Member,Male,Health and beauty,10.08,7,3.528,74.088,28/03/2019,20:14,Cash,70.56,4.761904762,3.528,4.2
859-97-6048,C,Naypyitaw,Member,Male,Electronic accessories,84.25,2,8.425,176.925,26/03/2019,14:13,Credit card,168.5,4.761904762,8.425,5.3
676-10-2200,B,Mandalay,Member,Male,Fashion accessories,53.78,1,2.689,56.469,02/03/2019,20:13,Ewallet,53.78,4.761904762,2.689,4.7
365-16-4334,B,Mandalay,Normal,Female,Food and beverages,26.43,8,10.572,222.012,24/02/2019,14:26,Ewallet,211.44,4.761904762,10.572,8.9
503-21-4385,B,Mandalay,Member,Male,Health and beauty,39.91,3,5.9865,125.7165,21/02/2019,12:40,Ewallet,119.73,4.761904762,5.9865,9.3
574-80-1489,B,Mandalay,Member,Female,Food and beverages,62.85,4,12.57,263.97,25/02/2019,13:22,Ewallet,251.4,4.761904762,12.57,8.7
784-08-0310,C,Naypyitaw,Member,Female,Food and beverages,21.04,4,4.208,88.368,13/01/2019,13:58,Cash,84.16,4.761904762,4.208,7.6
384-59-6655,A,Yangon,Member,Female,Food and beverages,98.66,9,44.397,932.337,19/02/2019,15:07,Cash,887.94,4.761904762,44.397,8.4
256-58-3609,C,Naypyitaw,Member,Male,Fashion accessories,91.98,1,4.599,96.579,18/03/2019,15:29,Cash,91.98,4.761904762,4.599,9.8
593-08-5916,A,Yangon,Normal,Female,Fashion accessories,15.5,1,0.775,16.275,19/03/2019,15:23,Credit card,15.5,4.761904762,0.775,7.4
364-34-2972,C,Naypyitaw,Member,Male,Electronic accessories,96.82,3,14.523,304.983,30/03/2019,20:37,Cash,290.46,4.761904762,14.523,6.7
794-42-3736,B,Mandalay,Normal,Male,Food and beverages,33.33,2,3.333,69.993,26/01/2019,14:41,Credit card,66.66,4.761904762,3.333,6.4
172-42-8274,B,Mandalay,Normal,Female,Electronic accessories,38.27,2,3.827,80.367,03/02/2019,18:18,Credit card,76.54,4.761904762,3.827,5.8
195-06-0432,A,Yangon,Member,Male,Home and lifestyle,81.01,3,12.1515,255.1815,13/01/2019,12:55,Credit card,243.03,4.761904762,12.1515,9.3
605-03-2706,A,Yangon,Normal,Female,Health and beauty,15.8,3,2.37,49.77,25/03/2019,18:02,Cash,47.4,4.761904762,2.37,9.5
746-04-1077,B,Mandalay,Member,Female,Food and beverages,84.63,10,42.315,888.615,01/01/2019,11:36,Credit card,846.3,4.761904762,42.315,9
452-04-8808,B,Mandalay,Normal,Male,Electronic accessories,87.08,7,30.478,640.038,26/01/2019,15:17,Cash,609.56,4.761904762,30.478,5.5
518-71-6847,B,Mandalay,Member,Male,Food and beverages,26.6,6,7.98,167.58,26/02/2019,15:10,Ewallet,159.6,4.761904762,7.98,4.9
728-47-9078,C,Naypyitaw,Member,Male,Food and beverages,59.59,4,11.918,250.278,19/01/2019,12:46,Cash,238.36,4.761904762,11.918,9.8
809-46-1866,A,Yangon,Normal,Male,Health and beauty,58.15,4,11.63,244.23,23/01/2019,17:44,Cash,232.6,4.761904762,11.63,8.4
139-32-4183,A,Yangon,Member,Female,Sports and travel,97.48,9,43.866,921.186,14/03/2019,14:19,Ewallet,877.32,4.761904762,43.866,7.4
148-41-7930,C,Naypyitaw,Normal,Male,Health and beauty,99.96,7,34.986,734.706,23/01/2019,10:33,Cash,699.72,4.761904762,34.986,6.1
764-44-8999,B,Mandalay,Normal,Female,Health and beauty,14.76,2,1.476,30.996,18/02/2019,14:42,Ewallet,29.52,4.761904762,1.476,4.3
552-44-5977,B,Mandalay,Member,Male,Health and beauty,62,8,24.8,520.8,01/03/2019,19:08,Credit card,496,4.761904762,24.8,6.2
267-62-7380,C,Naypyitaw,Member,Male,Electronic accessories,82.34,10,41.17,864.57,29/03/2019,19:12,Ewallet,823.4,4.761904762,41.17,4.3
430-53-4718,B,Mandalay,Member,Male,Health and beauty,75.37,8,30.148,633.108,28/01/2019,15:46,Credit card,602.96,4.761904762,30.148,8.4
886-18-2897,A,Yangon,Normal,Female,Food and beverages,56.56,5,14.14,296.94,22/03/2019,19:06,Credit card,282.8,4.761904762,14.14,4.5
602-16-6955,B,Mandalay,Normal,Female,Sports and travel,76.6,10,38.3,804.3,24/01/2019,18:10,Ewallet,766,4.761904762,38.3,6
690-01-6631,B,Mandalay,Normal,Male,Fashion accessories,17.49,10,8.745,183.645,22/02/2019,18:35,Ewallet,174.9,4.761904762,8.745,6.6
652-49-6720,C,Naypyitaw,Member,Female,Electronic accessories,60.95,1,3.0475,63.9975,18/02/2019,11:40,Ewallet,60.95,4.761904762,3.0475,5.9
233-67-5758,C,Naypyitaw,Normal,Male,Health and beauty,40.35,1,2.0175,42.3675,29/01/2019,13:46,Ewallet,40.35,4.761904762,2.0175,6.2
303-96-2227,B,Mandalay,Normal,Female,Home and lifestyle,97.38,10,48.69,1022.49,03/02/2019,17:16,Ewallet,973.8,4.761904762,48.69,4.4
347-56-2442,A,Yangon,Normal,Male,Home and lifestyle,65.82,1,3.291,69.111,22/02/2019,15:33,Cash,65.82,4.761904762,3.291,4.1
849-09-3807,A,Yangon,Member,Female,Fashion accessories,88.34,7,30.919,649.299,18/02/2019,13:28,Cash,618.38,4.761904762,30.919,6.6
